[2026-09-29 19:31:57] [INFO] =========================================
[2026-09-29 19:31:57] [INFO]   INICIANDO WORKFLOW HÍBRIDO DE RPA     
[2026-09-29 19:31:57] [INFO] =========================================
[2026-09-29 19:31:57] [INFO] [Playwright] Iniciando extracción desde: https://books.toscrape.com/
[2026-09-29 19:32:03] [INFO] [Playwright] Se encontraron 20 elementos.
[2026-09-29 19:32:04] [INFO] [Playwright] Extracción completada. Datos guardados en 'data/extracted_data.csv'.
[2026-09-29 19:32:04] [INFO] [Selenium] Cargando 20 registros procesados desde el CSV.
[2026-09-29 19:32:09] [INFO] [Selenium] Navegando al portal de destino.
[2026-09-29 19:32:10] [INFO] [Selenium] Registro #1 enviado con éxito.
[2026-09-29 19:32:10] [INFO] [Selenium] Registro #2 enviado con éxito.
[2026-09-29 19:32:12] [INFO] [Selenium] Sesión finalizada.
[2026-09-29 19:32:12] [INFO] =========================================
[2026-09-29 19:32:12] [INFO]   WORKFLOW FINALIZADO CON ÉXITO         
[2026-09-29 19:32:12] [INFO] =========================================
[2026-09-29 19:51:50] [INFO] =========================================
[2026-09-29 19:51:50] [INFO]   INICIANDO WORKFLOW HÍBRIDO DE RPA     
[2026-09-29 19:51:50] [INFO] =========================================
[2026-09-29 19:51:50] [INFO] [Playwright] Iniciando extracción masiva de 50 páginas desde: https://books.toscrape.com/
[2026-09-29 19:51:55] [INFO] [Playwright] Pág. 1: 20 libros encontrados.
[2026-09-29 19:51:55] [INFO] [Playwright] Pág. 2: 20 libros encontrados.
[2026-09-29 19:51:56] [INFO] [Playwright] Pág. 3: 20 libros encontrados.
[2026-09-29 19:51:56] [INFO] [Playwright] Pág. 4: 20 libros encontrados.
[2026-09-29 19:51:57] [INFO] [Playwright] Pág. 5: 20 libros encontrados.
[2026-09-29 19:51:58] [INFO] [Playwright] Pág. 6: 20 libros encontrados.
[2026-09-29 19:51:58] [INFO] [Playwright] Pág. 7: 20 libros encontrados.
[2026-09-29 19:51:59] [INFO] [Playwright] Pág. 8: 20 libros encontrados.
[2026-09-29 19:51:59] [INFO] [Playwright] Pág. 9: 20 libros encontrados.
[2026-09-29 19:52:00] [INFO] [Playwright] Pág. 10: 20 libros encontrados.
[2026-09-29 19:52:00] [INFO] [Playwright] Pág. 11: 20 libros encontrados.
[2026-09-29 19:52:01] [INFO] [Playwright] Pág. 12: 20 libros encontrados.
[2026-09-29 19:52:02] [INFO] [Playwright] Pág. 13: 20 libros encontrados.
[2026-09-29 19:52:02] [INFO] [Playwright] Pág. 14: 20 libros encontrados.
[2026-09-29 19:52:03] [INFO] [Playwright] Pág. 15: 20 libros encontrados.
[2026-09-29 19:52:03] [INFO] [Playwright] Pág. 16: 20 libros encontrados.
[2026-09-29 19:52:04] [INFO] [Playwright] Pág. 17: 20 libros encontrados.
[2026-09-29 19:52:04] [INFO] [Playwright] Pág. 18: 20 libros encontrados.
[2026-09-29 19:52:05] [INFO] [Playwright] Pág. 19: 20 libros encontrados.
[2026-09-29 19:52:05] [INFO] [Playwright] Pág. 20: 20 libros encontrados.
[2026-09-29 19:52:06] [INFO] [Playwright] Pág. 21: 20 libros encontrados.
[2026-09-29 19:52:07] [INFO] [Playwright] Pág. 22: 20 libros encontrados.
[2026-09-29 19:52:07] [INFO] [Playwright] Pág. 23: 20 libros encontrados.
[2026-09-29 19:52:08] [INFO] [Playwright] Pág. 24: 20 libros encontrados.
[2026-09-29 19:52:08] [INFO] [Playwright] Pág. 25: 20 libros encontrados.
[2026-09-29 19:52:09] [INFO] [Playwright] Pág. 26: 20 libros encontrados.
[2026-09-29 19:52:10] [INFO] [Playwright] Pág. 27: 20 libros encontrados.
[2026-09-29 19:52:10] [INFO] [Playwright] Pág. 28: 20 libros encontrados.
[2026-09-29 19:52:11] [INFO] [Playwright] Pág. 29: 20 libros encontrados.
[2026-09-29 19:52:11] [INFO] [Playwright] Pág. 30: 20 libros encontrados.
[2026-09-29 19:52:12] [INFO] [Playwright] Pág. 31: 20 libros encontrados.
[2026-09-29 19:52:13] [INFO] [Playwright] Pág. 32: 20 libros encontrados.
[2026-09-29 19:52:13] [INFO] [Playwright] Pág. 33: 20 libros encontrados.
[2026-09-29 19:52:14] [INFO] [Playwright] Pág. 34: 20 libros encontrados.
[2026-09-29 19:52:14] [INFO] [Playwright] Pág. 35: 20 libros encontrados.
[2026-09-29 19:52:15] [INFO] [Playwright] Pág. 36: 20 libros encontrados.
[2026-09-29 19:52:15] [INFO] [Playwright] Pág. 37: 20 libros encontrados.
[2026-09-29 19:52:16] [INFO] [Playwright] Pág. 38: 20 libros encontrados.
[2026-09-29 19:52:16] [INFO] [Playwright] Pág. 39: 20 libros encontrados.
[2026-09-29 19:52:17] [INFO] [Playwright] Pág. 40: 20 libros encontrados.
[2026-09-29 19:52:17] [INFO] [Playwright] Pág. 41: 20 libros encontrados.
[2026-09-29 19:52:18] [INFO] [Playwright] Pág. 42: 20 libros encontrados.
[2026-09-29 19:52:19] [INFO] [Playwright] Pág. 43: 20 libros encontrados.
[2026-09-29 19:52:19] [INFO] [Playwright] Pág. 44: 20 libros encontrados.
[2026-09-29 19:52:20] [INFO] [Playwright] Pág. 45: 20 libros encontrados.
[2026-09-29 19:52:20] [INFO] [Playwright] Pág. 46: 20 libros encontrados.
[2026-09-29 19:52:21] [INFO] [Playwright] Pág. 47: 20 libros encontrados.
[2026-09-29 19:52:21] [INFO] [Playwright] Pág. 48: 20 libros encontrados.
[2026-09-29 19:52:22] [INFO] [Playwright] Pág. 49: 20 libros encontrados.
[2026-09-29 19:52:23] [INFO] [Playwright] Pág. 50: 20 libros encontrados.
[2026-09-29 19:52:23] [INFO] [Playwright] Se alcanzó la última página del catálogo.
[2026-09-29 19:52:24] [INFO] [Playwright] Extracción masiva completada exitosamente.
[2026-09-29 19:52:24] [INFO] [Playwright] Total de libros procesados: 1000 en 50 páginas.
[2026-09-29 19:52:24] [INFO] [Playwright] Archivo final guardado en 'data/extracted_data.csv'.
[2026-09-29 19:52:24] [INFO] [Selenium] Cargando 1000 registros procesados desde el CSV.
[2026-09-29 19:52:27] [INFO] [Selenium] Navegando al portal de destino.
[2026-09-29 19:52:27] [INFO] [Selenium] Registro #1 enviado con éxito.
[2026-09-29 19:52:28] [INFO] [Selenium] Registro #2 enviado con éxito.
[2026-09-29 19:52:30] [INFO] [Selenium] Sesión finalizada.
[2026-09-29 19:52:30] [INFO] =========================================
[2026-09-29 19:52:30] [INFO]   WORKFLOW FINALIZADO CON ÉXITO         
[2026-09-29 19:52:30] [INFO] =========================================
[2026-09-29 19:55:56] [INFO] =========================================
[2026-09-29 19:55:56] [INFO]   INICIANDO WORKFLOW HÍBRIDO DE RPA     
[2026-09-29 19:55:56] [INFO] =========================================
[2026-09-29 19:55:56] [INFO] [Playwright] Iniciando extracción masiva de 50 páginas desde: https://books.toscrape.com/
[2026-09-29 19:55:58] [INFO] [Playwright] Pág. 1: 20 libros encontrados.
[2026-09-29 19:55:59] [INFO] [Playwright] Pág. 2: 20 libros encontrados.
[2026-09-29 19:55:59] [INFO] [Playwright] Pág. 3: 20 libros encontrados.
[2026-09-29 19:56:00] [INFO] [Playwright] Pág. 4: 20 libros encontrados.
[2026-09-29 19:56:00] [INFO] [Playwright] Pág. 5: 20 libros encontrados.
[2026-09-29 19:56:01] [INFO] [Playwright] Pág. 6: 20 libros encontrados.
[2026-09-29 19:56:01] [INFO] [Playwright] Pág. 7: 20 libros encontrados.
[2026-09-29 19:56:02] [INFO] [Playwright] Pág. 8: 20 libros encontrados.
[2026-09-29 19:56:03] [INFO] [Playwright] Pág. 9: 20 libros encontrados.
[2026-09-29 19:56:03] [INFO] [Playwright] Pág. 10: 20 libros encontrados.
[2026-09-29 19:56:04] [INFO] [Playwright] Pág. 11: 20 libros encontrados.
[2026-09-29 19:56:04] [INFO] [Playwright] Pág. 12: 20 libros encontrados.
[2026-09-29 19:56:05] [INFO] [Playwright] Pág. 13: 20 libros encontrados.
[2026-09-29 19:56:05] [INFO] [Playwright] Pág. 14: 20 libros encontrados.
[2026-09-29 19:56:06] [INFO] [Playwright] Pág. 15: 20 libros encontrados.
[2026-09-29 19:56:07] [INFO] [Playwright] Pág. 16: 20 libros encontrados.
[2026-09-29 19:56:07] [INFO] [Playwright] Pág. 17: 20 libros encontrados.
[2026-09-29 19:56:08] [INFO] [Playwright] Pág. 18: 20 libros encontrados.
[2026-09-29 19:56:08] [INFO] [Playwright] Pág. 19: 20 libros encontrados.
[2026-09-29 19:56:09] [INFO] [Playwright] Pág. 20: 20 libros encontrados.
[2026-09-29 19:56:10] [INFO] [Playwright] Pág. 21: 20 libros encontrados.
[2026-09-29 19:56:10] [INFO] [Playwright] Pág. 22: 20 libros encontrados.
[2026-09-29 19:56:11] [INFO] [Playwright] Pág. 23: 20 libros encontrados.
[2026-09-29 19:56:11] [INFO] [Playwright] Pág. 24: 20 libros encontrados.
[2026-09-29 19:56:12] [INFO] [Playwright] Pág. 25: 20 libros encontrados.
[2026-09-29 19:56:12] [INFO] [Playwright] Pág. 26: 20 libros encontrados.
[2026-09-29 19:56:13] [INFO] [Playwright] Pág. 27: 20 libros encontrados.
[2026-09-29 19:56:13] [INFO] [Playwright] Pág. 28: 20 libros encontrados.
[2026-09-29 19:56:14] [INFO] [Playwright] Pág. 29: 20 libros encontrados.
[2026-09-29 19:56:15] [INFO] [Playwright] Pág. 30: 20 libros encontrados.
[2026-09-29 19:56:15] [INFO] [Playwright] Pág. 31: 20 libros encontrados.
[2026-09-29 19:56:16] [INFO] [Playwright] Pág. 32: 20 libros encontrados.
[2026-09-29 19:56:16] [INFO] [Playwright] Pág. 33: 20 libros encontrados.
[2026-09-29 19:56:17] [INFO] [Playwright] Pág. 34: 20 libros encontrados.
[2026-09-29 19:56:17] [INFO] [Playwright] Pág. 35: 20 libros encontrados.
[2026-09-29 19:56:18] [INFO] [Playwright] Pág. 36: 20 libros encontrados.
[2026-09-29 19:56:19] [INFO] [Playwright] Pág. 37: 20 libros encontrados.
[2026-09-29 19:56:19] [INFO] [Playwright] Pág. 38: 20 libros encontrados.
[2026-09-29 19:56:20] [INFO] [Playwright] Pág. 39: 20 libros encontrados.
[2026-09-29 19:56:20] [INFO] [Playwright] Pág. 40: 20 libros encontrados.
[2026-09-29 19:56:21] [INFO] [Playwright] Pág. 41: 20 libros encontrados.
[2026-09-29 19:56:21] [INFO] [Playwright] Pág. 42: 20 libros encontrados.
[2026-09-29 19:56:22] [INFO] [Playwright] Pág. 43: 20 libros encontrados.
[2026-09-29 19:56:23] [INFO] [Playwright] Pág. 44: 20 libros encontrados.
[2026-09-29 19:56:23] [INFO] [Playwright] Pág. 45: 20 libros encontrados.
[2026-09-29 19:56:24] [INFO] [Playwright] Pág. 46: 20 libros encontrados.
[2026-09-29 19:56:24] [INFO] [Playwright] Pág. 47: 20 libros encontrados.
[2026-09-29 19:56:25] [INFO] [Playwright] Pág. 48: 20 libros encontrados.
[2026-09-29 19:56:26] [INFO] [Playwright] Pág. 49: 20 libros encontrados.
[2026-09-29 19:56:26] [INFO] [Playwright] Pág. 50: 20 libros encontrados.
[2026-09-29 19:56:27] [INFO] [Playwright] Se alcanzó la última página del catálogo.
[2026-09-29 19:56:28] [INFO] [Playwright] Extracción masiva completada exitosamente.
[2026-09-29 19:56:28] [INFO] [Playwright] Total de libros procesados: 1000 en 50 páginas.
[2026-09-29 19:56:28] [INFO] [Playwright] Archivo final guardado en 'data/extracted_data.csv'.
[2026-09-29 19:56:28] [INFO] [Selenium] MODO PRODUCCIÓN: Procesando los 1000 registros completos.
[2026-09-29 19:56:30] [INFO] [Selenium] Navegando al portal de destino.
[2026-09-29 19:56:32] [ERROR] [Selenium] Error en registro #1: Message: element click intercepted: Element is not clickable at point (57, 811)
  (Session info: chrome=153.0.8010.53); For documentation on this error, please visit: https://www.selenium.dev/documentation/webdriver/troubleshooting/errors#elementclickinterceptedexception
Stacktrace:
	chromedriver!GetHandleVerifier [0x7ff658921035+5a95]
	chromedriver!(No symbol) [0x7ff658842c70]
	chromedriver!(No symbol) [0x7ff658664a7d]
	chromedriver!(No symbol) [0x7ff6586c7d73]
	chromedriver!(No symbol) [0x7ff6586c597a]
	chromedriver!(No symbol) [0x7ff6586c2cb7]
	chromedriver!(No symbol) [0x7ff6586c1b70]
	chromedriver!(No symbol) [0x7ff6586b3b18]
	chromedriver!(No symbol) [0x7ff6586e93ea]
	chromedriver!(No symbol) [0x7ff6586b3396]
	chromedriver!(No symbol) [0x7ff65870fbea]
	chromedriver!(No symbol) [0x7ff6586b1d02]
	chromedriver!(No symbol) [0x7ff6586b2b13]
	chromedriver!GetHandleVerifier [0x7ff658d41411+425e71]
	chromedriver!GetHandleVerifier [0x7ff658d6ca47+4514a7]
	chromedriver!GetHandleVerifier [0x7ff658d6094e+4453ae]
	chromedriver!GetHandleVerifier [0x7ff658a1bf6e+1009ce]
	chromedriver!(No symbol) [0x7ff658850a05]
	chromedriver!(No symbol) [0x7ff65884bcf4]
	chromedriver!(No symbol) [0x7ff65884be84]
	chromedriver!(No symbol) [0x7ff6588366ac]
	KERNEL32!BaseThreadInitThunk [0x7ffa7265cd87+17]
	ntdll!RtlUserThreadStart [0x7ffa732ccaec+2c]

[2026-09-29 19:56:33] [ERROR] [Selenium] Error en registro #2: Message: element click intercepted: Element is not clickable at point (57, 798)
  (Session info: chrome=153.0.8010.53); For documentation on this error, please visit: https://www.selenium.dev/documentation/webdriver/troubleshooting/errors#elementclickinterceptedexception
Stacktrace:
	chromedriver!GetHandleVerifier [0x7ff658921035+5a95]
	chromedriver!(No symbol) [0x7ff658842c70]
	chromedriver!(No symbol) [0x7ff658664a7d]
	chromedriver!(No symbol) [0x7ff6586c7d73]
	chromedriver!(No symbol) [0x7ff6586c597a]
	chromedriver!(No symbol) [0x7ff6586c2cb7]
	chromedriver!(No symbol) [0x7ff6586c1b70]
	chromedriver!(No symbol) [0x7ff6586b3b18]
	chromedriver!(No symbol) [0x7ff6586e93ea]
	chromedriver!(No symbol) [0x7ff6586b3396]
	chromedriver!(No symbol) [0x7ff65870fbea]
	chromedriver!(No symbol) [0x7ff6586b1d02]
	chromedriver!(No symbol) [0x7ff6586b2b13]
	chromedriver!GetHandleVerifier [0x7ff658d41411+425e71]
	chromedriver!GetHandleVerifier [0x7ff658d6ca47+4514a7]
	chromedriver!GetHandleVerifier [0x7ff658d6094e+4453ae]
	chromedriver!GetHandleVerifier [0x7ff658a1bf6e+1009ce]
	chromedriver!(No symbol) [0x7ff658850a05]
	chromedriver!(No symbol) [0x7ff65884bcf4]
	chromedriver!(No symbol) [0x7ff65884be84]
	chromedriver!(No symbol) [0x7ff6588366ac]
	KERNEL32!BaseThreadInitThunk [0x7ffa7265cd87+17]
	ntdll!RtlUserThreadStart [0x7ffa732ccaec+2c]

[2026-09-29 19:56:34] [ERROR] [Selenium] Error en registro #3: Message: element click intercepted: Element is not clickable at point (57, 792)
  (Session info: chrome=153.0.8010.53); For documentation on this error, please visit: https://www.selenium.dev/documentation/webdriver/troubleshooting/errors#elementclickinterceptedexception
Stacktrace:
	chromedriver!GetHandleVerifier [0x7ff658921035+5a95]
	chromedriver!(No symbol) [0x7ff658842c70]
	chromedriver!(No symbol) [0x7ff658664a7d]
	chromedriver!(No symbol) [0x7ff6586c7d73]
	chromedriver!(No symbol) [0x7ff6586c597a]
	chromedriver!(No symbol) [0x7ff6586c2cb7]
	chromedriver!(No symbol) [0x7ff6586c1b70]
	chromedriver!(No symbol) [0x7ff6586b3b18]
	chromedriver!(No symbol) [0x7ff6586e93ea]
	chromedriver!(No symbol) [0x7ff6586b3396]
	chromedriver!(No symbol) [0x7ff65870fbea]
	chromedriver!(No symbol) [0x7ff6586b1d02]
	chromedriver!(No symbol) [0x7ff6586b2b13]
	chromedriver!GetHandleVerifier [0x7ff658d41411+425e71]
	chromedriver!GetHandleVerifier [0x7ff658d6ca47+4514a7]
	chromedriver!GetHandleVerifier [0x7ff658d6094e+4453ae]
	chromedriver!GetHandleVerifier [0x7ff658a1bf6e+1009ce]
	chromedriver!(No symbol) [0x7ff658850a05]
	chromedriver!(No symbol) [0x7ff65884bcf4]
	chromedriver!(No symbol) [0x7ff65884be84]
	chromedriver!(No symbol) [0x7ff6588366ac]
	KERNEL32!BaseThreadInitThunk [0x7ffa7265cd87+17]
	ntdll!RtlUserThreadStart [0x7ffa732ccaec+2c]

[2026-09-29 19:56:35] [ERROR] [Selenium] Error en registro #4: Message: element click intercepted: Element is not clickable at point (57, 750)
  (Session info: chrome=153.0.8010.53); For documentation on this error, please visit: https://www.selenium.dev/documentation/webdriver/troubleshooting/errors#elementclickinterceptedexception
Stacktrace:
	chromedriver!GetHandleVerifier [0x7ff658921035+5a95]
	chromedriver!(No symbol) [0x7ff658842c70]
	chromedriver!(No symbol) [0x7ff658664a7d]
	chromedriver!(No symbol) [0x7ff6586c7d73]
	chromedriver!(No symbol) [0x7ff6586c597a]
	chromedriver!(No symbol) [0x7ff6586c2cb7]
	chromedriver!(No symbol) [0x7ff6586c1b70]
	chromedriver!(No symbol) [0x7ff6586b3b18]
	chromedriver!(No symbol) [0x7ff6586e93ea]
	chromedriver!(No symbol) [0x7ff6586b3396]
	chromedriver!(No symbol) [0x7ff65870fbea]
	chromedriver!(No symbol) [0x7ff6586b1d02]
	chromedriver!(No symbol) [0x7ff6586b2b13]
	chromedriver!GetHandleVerifier [0x7ff658d41411+425e71]
	chromedriver!GetHandleVerifier [0x7ff658d6ca47+4514a7]
	chromedriver!GetHandleVerifier [0x7ff658d6094e+4453ae]
	chromedriver!GetHandleVerifier [0x7ff658a1bf6e+1009ce]
	chromedriver!(No symbol) [0x7ff658850a05]
	chromedriver!(No symbol) [0x7ff65884bcf4]
	chromedriver!(No symbol) [0x7ff65884be84]
	chromedriver!(No symbol) [0x7ff6588366ac]
	KERNEL32!BaseThreadInitThunk [0x7ffa7265cd87+17]
	ntdll!RtlUserThreadStart [0x7ffa732ccaec+2c]

[2026-09-29 19:56:37] [ERROR] [Selenium] Error en registro #5: Message: element click intercepted: Element is not clickable at point (57, 735)
  (Session info: chrome=153.0.8010.53); For documentation on this error, please visit: https://www.selenium.dev/documentation/webdriver/troubleshooting/errors#elementclickinterceptedexception
Stacktrace:
	chromedriver!GetHandleVerifier [0x7ff658921035+5a95]
	chromedriver!(No symbol) [0x7ff658842c70]
	chromedriver!(No symbol) [0x7ff658664a7d]
	chromedriver!(No symbol) [0x7ff6586c7d73]
	chromedriver!(No symbol) [0x7ff6586c597a]
	chromedriver!(No symbol) [0x7ff6586c2cb7]
	chromedriver!(No symbol) [0x7ff6586c1b70]
	chromedriver!(No symbol) [0x7ff6586b3b18]
	chromedriver!(No symbol) [0x7ff6586e93ea]
	chromedriver!(No symbol) [0x7ff6586b3396]
	chromedriver!(No symbol) [0x7ff65870fbea]
	chromedriver!(No symbol) [0x7ff6586b1d02]
	chromedriver!(No symbol) [0x7ff6586b2b13]
	chromedriver!GetHandleVerifier [0x7ff658d41411+425e71]
	chromedriver!GetHandleVerifier [0x7ff658d6ca47+4514a7]
	chromedriver!GetHandleVerifier [0x7ff658d6094e+4453ae]
	chromedriver!GetHandleVerifier [0x7ff658a1bf6e+1009ce]
	chromedriver!(No symbol) [0x7ff658850a05]
	chromedriver!(No symbol) [0x7ff65884bcf4]
	chromedriver!(No symbol) [0x7ff65884be84]
	chromedriver!(No symbol) [0x7ff6588366ac]
	KERNEL32!BaseThreadInitThunk [0x7ffa7265cd87+17]
	ntdll!RtlUserThreadStart [0x7ffa732ccaec+2c]

[2026-09-29 19:56:38] [ERROR] [Selenium] Error en registro #6: Message: element click intercepted: Element is not clickable at point (57, 733)
  (Session info: chrome=153.0.8010.53); For documentation on this error, please visit: https://www.selenium.dev/documentation/webdriver/troubleshooting/errors#elementclickinterceptedexception
Stacktrace:
	chromedriver!GetHandleVerifier [0x7ff658921035+5a95]
	chromedriver!(No symbol) [0x7ff658842c70]
	chromedriver!(No symbol) [0x7ff658664a7d]
	chromedriver!(No symbol) [0x7ff6586c7d73]
	chromedriver!(No symbol) [0x7ff6586c597a]
	chromedriver!(No symbol) [0x7ff6586c2cb7]
	chromedriver!(No symbol) [0x7ff6586c1b70]
	chromedriver!(No symbol) [0x7ff6586b3b18]
	chromedriver!(No symbol) [0x7ff6586e93ea]
	chromedriver!(No symbol) [0x7ff6586b3396]
	chromedriver!(No symbol) [0x7ff65870fbea]
	chromedriver!(No symbol) [0x7ff6586b1d02]
	chromedriver!(No symbol) [0x7ff6586b2b13]
	chromedriver!GetHandleVerifier [0x7ff658d41411+425e71]
	chromedriver!GetHandleVerifier [0x7ff658d6ca47+4514a7]
	chromedriver!GetHandleVerifier [0x7ff658d6094e+4453ae]
	chromedriver!GetHandleVerifier [0x7ff658a1bf6e+1009ce]
	chromedriver!(No symbol) [0x7ff658850a05]
	chromedriver!(No symbol) [0x7ff65884bcf4]
	chromedriver!(No symbol) [0x7ff65884be84]
	chromedriver!(No symbol) [0x7ff6588366ac]
	KERNEL32!BaseThreadInitThunk [0x7ffa7265cd87+17]
	ntdll!RtlUserThreadStart [0x7ffa732ccaec+2c]

[2026-09-29 19:56:39] [ERROR] [Selenium] Error en registro #7: Message: element click intercepted: Element is not clickable at point (57, 731)
  (Session info: chrome=153.0.8010.53); For documentation on this error, please visit: https://www.selenium.dev/documentation/webdriver/troubleshooting/errors#elementclickinterceptedexception
Stacktrace:
	chromedriver!GetHandleVerifier [0x7ff658921035+5a95]
	chromedriver!(No symbol) [0x7ff658842c70]
	chromedriver!(No symbol) [0x7ff658664a7d]
	chromedriver!(No symbol) [0x7ff6586c7d73]
	chromedriver!(No symbol) [0x7ff6586c597a]
	chromedriver!(No symbol) [0x7ff6586c2cb7]
	chromedriver!(No symbol) [0x7ff6586c1b70]
	chromedriver!(No symbol) [0x7ff6586b3b18]
	chromedriver!(No symbol) [0x7ff6586e93ea]
	chromedriver!(No symbol) [0x7ff6586b3396]
	chromedriver!(No symbol) [0x7ff65870fbea]
	chromedriver!(No symbol) [0x7ff6586b1d02]
	chromedriver!(No symbol) [0x7ff6586b2b13]
	chromedriver!GetHandleVerifier [0x7ff658d41411+425e71]
	chromedriver!GetHandleVerifier [0x7ff658d6ca47+4514a7]
	chromedriver!GetHandleVerifier [0x7ff658d6094e+4453ae]
	chromedriver!GetHandleVerifier [0x7ff658a1bf6e+1009ce]
	chromedriver!(No symbol) [0x7ff658850a05]
	chromedriver!(No symbol) [0x7ff65884bcf4]
	chromedriver!(No symbol) [0x7ff65884be84]
	chromedriver!(No symbol) [0x7ff6588366ac]
	KERNEL32!BaseThreadInitThunk [0x7ffa7265cd87+17]
	ntdll!RtlUserThreadStart [0x7ffa732ccaec+2c]

[2026-09-29 19:56:41] [ERROR] [Selenium] Error en registro #8: Message: element click intercepted: Element is not clickable at point (57, 731)
  (Session info: chrome=153.0.8010.53); For documentation on this error, please visit: https://www.selenium.dev/documentation/webdriver/troubleshooting/errors#elementclickinterceptedexception
Stacktrace:
	chromedriver!GetHandleVerifier [0x7ff658921035+5a95]
	chromedriver!(No symbol) [0x7ff658842c70]
	chromedriver!(No symbol) [0x7ff658664a7d]
	chromedriver!(No symbol) [0x7ff6586c7d73]
	chromedriver!(No symbol) [0x7ff6586c597a]
	chromedriver!(No symbol) [0x7ff6586c2cb7]
	chromedriver!(No symbol) [0x7ff6586c1b70]
	chromedriver!(No symbol) [0x7ff6586b3b18]
	chromedriver!(No symbol) [0x7ff6586e93ea]
	chromedriver!(No symbol) [0x7ff6586b3396]
	chromedriver!(No symbol) [0x7ff65870fbea]
	chromedriver!(No symbol) [0x7ff6586b1d02]
	chromedriver!(No symbol) [0x7ff6586b2b13]
	chromedriver!GetHandleVerifier [0x7ff658d41411+425e71]
	chromedriver!GetHandleVerifier [0x7ff658d6ca47+4514a7]
	chromedriver!GetHandleVerifier [0x7ff658d6094e+4453ae]
	chromedriver!GetHandleVerifier [0x7ff658a1bf6e+1009ce]
	chromedriver!(No symbol) [0x7ff658850a05]
	chromedriver!(No symbol) [0x7ff65884bcf4]
	chromedriver!(No symbol) [0x7ff65884be84]
	chromedriver!(No symbol) [0x7ff6588366ac]
	KERNEL32!BaseThreadInitThunk [0x7ffa7265cd87+17]
	ntdll!RtlUserThreadStart [0x7ffa732ccaec+2c]

[2026-09-29 19:56:42] [ERROR] [Selenium] Error en registro #9: Message: element click intercepted: Element is not clickable at point (57, 731)
  (Session info: chrome=153.0.8010.53); For documentation on this error, please visit: https://www.selenium.dev/documentation/webdriver/troubleshooting/errors#elementclickinterceptedexception
Stacktrace:
	chromedriver!GetHandleVerifier [0x7ff658921035+5a95]
	chromedriver!(No symbol) [0x7ff658842c70]
	chromedriver!(No symbol) [0x7ff658664a7d]
	chromedriver!(No symbol) [0x7ff6586c7d73]
	chromedriver!(No symbol) [0x7ff6586c597a]
	chromedriver!(No symbol) [0x7ff6586c2cb7]
	chromedriver!(No symbol) [0x7ff6586c1b70]
	chromedriver!(No symbol) [0x7ff6586b3b18]
	chromedriver!(No symbol) [0x7ff6586e93ea]
	chromedriver!(No symbol) [0x7ff6586b3396]
	chromedriver!(No symbol) [0x7ff65870fbea]
	chromedriver!(No symbol) [0x7ff6586b1d02]
	chromedriver!(No symbol) [0x7ff6586b2b13]
	chromedriver!GetHandleVerifier [0x7ff658d41411+425e71]
	chromedriver!GetHandleVerifier [0x7ff658d6ca47+4514a7]
	chromedriver!GetHandleVerifier [0x7ff658d6094e+4453ae]
	chromedriver!GetHandleVerifier [0x7ff658a1bf6e+1009ce]
	chromedriver!(No symbol) [0x7ff658850a05]
	chromedriver!(No symbol) [0x7ff65884bcf4]
	chromedriver!(No symbol) [0x7ff65884be84]
	chromedriver!(No symbol) [0x7ff6588366ac]
	KERNEL32!BaseThreadInitThunk [0x7ffa7265cd87+17]
	ntdll!RtlUserThreadStart [0x7ffa732ccaec+2c]

[2026-09-29 19:56:43] [ERROR] [Selenium] Error en registro #10: Message: element click intercepted: Element is not clickable at point (57, 731)
  (Session info: chrome=153.0.8010.53); For documentation on this error, please visit: https://www.selenium.dev/documentation/webdriver/troubleshooting/errors#elementclickinterceptedexception
Stacktrace:
	chromedriver!GetHandleVerifier [0x7ff658921035+5a95]
	chromedriver!(No symbol) [0x7ff658842c70]
	chromedriver!(No symbol) [0x7ff658664a7d]
	chromedriver!(No symbol) [0x7ff6586c7d73]
	chromedriver!(No symbol) [0x7ff6586c597a]
	chromedriver!(No symbol) [0x7ff6586c2cb7]
	chromedriver!(No symbol) [0x7ff6586c1b70]
	chromedriver!(No symbol) [0x7ff6586b3b18]
	chromedriver!(No symbol) [0x7ff6586e93ea]
	chromedriver!(No symbol) [0x7ff6586b3396]
	chromedriver!(No symbol) [0x7ff65870fbea]
	chromedriver!(No symbol) [0x7ff6586b1d02]
	chromedriver!(No symbol) [0x7ff6586b2b13]
	chromedriver!GetHandleVerifier [0x7ff658d41411+425e71]
	chromedriver!GetHandleVerifier [0x7ff658d6ca47+4514a7]
	chromedriver!GetHandleVerifier [0x7ff658d6094e+4453ae]
	chromedriver!GetHandleVerifier [0x7ff658a1bf6e+1009ce]
	chromedriver!(No symbol) [0x7ff658850a05]
	chromedriver!(No symbol) [0x7ff65884bcf4]
	chromedriver!(No symbol) [0x7ff65884be84]
	chromedriver!(No symbol) [0x7ff6588366ac]
	KERNEL32!BaseThreadInitThunk [0x7ffa7265cd87+17]
	ntdll!RtlUserThreadStart [0x7ffa732ccaec+2c]

[2026-09-29 19:56:45] [ERROR] [Selenium] Error en registro #11: Message: element click intercepted: Element is not clickable at point (57, 729)
  (Session info: chrome=153.0.8010.53); For documentation on this error, please visit: https://www.selenium.dev/documentation/webdriver/troubleshooting/errors#elementclickinterceptedexception
Stacktrace:
	chromedriver!GetHandleVerifier [0x7ff658921035+5a95]
	chromedriver!(No symbol) [0x7ff658842c70]
	chromedriver!(No symbol) [0x7ff658664a7d]
	chromedriver!(No symbol) [0x7ff6586c7d73]
	chromedriver!(No symbol) [0x7ff6586c597a]
	chromedriver!(No symbol) [0x7ff6586c2cb7]
	chromedriver!(No symbol) [0x7ff6586c1b70]
	chromedriver!(No symbol) [0x7ff6586b3b18]
	chromedriver!(No symbol) [0x7ff6586e93ea]
	chromedriver!(No symbol) [0x7ff6586b3396]
	chromedriver!(No symbol) [0x7ff65870fbea]
	chromedriver!(No symbol) [0x7ff6586b1d02]
	chromedriver!(No symbol) [0x7ff6586b2b13]
	chromedriver!GetHandleVerifier [0x7ff658d41411+425e71]
	chromedriver!GetHandleVerifier [0x7ff658d6ca47+4514a7]
	chromedriver!GetHandleVerifier [0x7ff658d6094e+4453ae]
	chromedriver!GetHandleVerifier [0x7ff658a1bf6e+1009ce]
	chromedriver!(No symbol) [0x7ff658850a05]
	chromedriver!(No symbol) [0x7ff65884bcf4]
	chromedriver!(No symbol) [0x7ff65884be84]
	chromedriver!(No symbol) [0x7ff6588366ac]
	KERNEL32!BaseThreadInitThunk [0x7ffa7265cd87+17]
	ntdll!RtlUserThreadStart [0x7ffa732ccaec+2c]

[2026-09-29 19:56:46] [ERROR] [Selenium] Error en registro #12: Message: element click intercepted: Element is not clickable at point (57, 729)
  (Session info: chrome=153.0.8010.53); For documentation on this error, please visit: https://www.selenium.dev/documentation/webdriver/troubleshooting/errors#elementclickinterceptedexception
Stacktrace:
	chromedriver!GetHandleVerifier [0x7ff658921035+5a95]
	chromedriver!(No symbol) [0x7ff658842c70]
	chromedriver!(No symbol) [0x7ff658664a7d]
	chromedriver!(No symbol) [0x7ff6586c7d73]
	chromedriver!(No symbol) [0x7ff6586c597a]
	chromedriver!(No symbol) [0x7ff6586c2cb7]
	chromedriver!(No symbol) [0x7ff6586c1b70]
	chromedriver!(No symbol) [0x7ff6586b3b18]
	chromedriver!(No symbol) [0x7ff6586e93ea]
	chromedriver!(No symbol) [0x7ff6586b3396]
	chromedriver!(No symbol) [0x7ff65870fbea]
	chromedriver!(No symbol) [0x7ff6586b1d02]
	chromedriver!(No symbol) [0x7ff6586b2b13]
	chromedriver!GetHandleVerifier [0x7ff658d41411+425e71]
	chromedriver!GetHandleVerifier [0x7ff658d6ca47+4514a7]
	chromedriver!GetHandleVerifier [0x7ff658d6094e+4453ae]
	chromedriver!GetHandleVerifier [0x7ff658a1bf6e+1009ce]
	chromedriver!(No symbol) [0x7ff658850a05]
	chromedriver!(No symbol) [0x7ff65884bcf4]
	chromedriver!(No symbol) [0x7ff65884be84]
	chromedriver!(No symbol) [0x7ff6588366ac]
	KERNEL32!BaseThreadInitThunk [0x7ffa7265cd87+17]
	ntdll!RtlUserThreadStart [0x7ffa732ccaec+2c]

[2026-09-29 19:56:47] [ERROR] [Selenium] Error en registro #13: Message: element click intercepted: Element is not clickable at point (57, 729)
  (Session info: chrome=153.0.8010.53); For documentation on this error, please visit: https://www.selenium.dev/documentation/webdriver/troubleshooting/errors#elementclickinterceptedexception
Stacktrace:
	chromedriver!GetHandleVerifier [0x7ff658921035+5a95]
	chromedriver!(No symbol) [0x7ff658842c70]
	chromedriver!(No symbol) [0x7ff658664a7d]
	chromedriver!(No symbol) [0x7ff6586c7d73]
	chromedriver!(No symbol) [0x7ff6586c597a]
	chromedriver!(No symbol) [0x7ff6586c2cb7]
	chromedriver!(No symbol) [0x7ff6586c1b70]
	chromedriver!(No symbol) [0x7ff6586b3b18]
	chromedriver!(No symbol) [0x7ff6586e93ea]
	chromedriver!(No symbol) [0x7ff6586b3396]
	chromedriver!(No symbol) [0x7ff65870fbea]
	chromedriver!(No symbol) [0x7ff6586b1d02]
	chromedriver!(No symbol) [0x7ff6586b2b13]
	chromedriver!GetHandleVerifier [0x7ff658d41411+425e71]
	chromedriver!GetHandleVerifier [0x7ff658d6ca47+4514a7]
	chromedriver!GetHandleVerifier [0x7ff658d6094e+4453ae]
	chromedriver!GetHandleVerifier [0x7ff658a1bf6e+1009ce]
	chromedriver!(No symbol) [0x7ff658850a05]
	chromedriver!(No symbol) [0x7ff65884bcf4]
	chromedriver!(No symbol) [0x7ff65884be84]
	chromedriver!(No symbol) [0x7ff6588366ac]
	KERNEL32!BaseThreadInitThunk [0x7ffa7265cd87+17]
	ntdll!RtlUserThreadStart [0x7ffa732ccaec+2c]

[2026-09-29 19:56:48] [ERROR] [Selenium] Error en registro #14: Message: element click intercepted: Element is not clickable at point (57, 727)
  (Session info: chrome=153.0.8010.53); For documentation on this error, please visit: https://www.selenium.dev/documentation/webdriver/troubleshooting/errors#elementclickinterceptedexception
Stacktrace:
	chromedriver!GetHandleVerifier [0x7ff658921035+5a95]
	chromedriver!(No symbol) [0x7ff658842c70]
	chromedriver!(No symbol) [0x7ff658664a7d]
	chromedriver!(No symbol) [0x7ff6586c7d73]
	chromedriver!(No symbol) [0x7ff6586c597a]
	chromedriver!(No symbol) [0x7ff6586c2cb7]
	chromedriver!(No symbol) [0x7ff6586c1b70]
	chromedriver!(No symbol) [0x7ff6586b3b18]
	chromedriver!(No symbol) [0x7ff6586e93ea]
	chromedriver!(No symbol) [0x7ff6586b3396]
	chromedriver!(No symbol) [0x7ff65870fbea]
	chromedriver!(No symbol) [0x7ff6586b1d02]
	chromedriver!(No symbol) [0x7ff6586b2b13]
	chromedriver!GetHandleVerifier [0x7ff658d41411+425e71]
	chromedriver!GetHandleVerifier [0x7ff658d6ca47+4514a7]
	chromedriver!GetHandleVerifier [0x7ff658d6094e+4453ae]
	chromedriver!GetHandleVerifier [0x7ff658a1bf6e+1009ce]
	chromedriver!(No symbol) [0x7ff658850a05]
	chromedriver!(No symbol) [0x7ff65884bcf4]
	chromedriver!(No symbol) [0x7ff65884be84]
	chromedriver!(No symbol) [0x7ff6588366ac]
	KERNEL32!BaseThreadInitThunk [0x7ffa7265cd87+17]
	ntdll!RtlUserThreadStart [0x7ffa732ccaec+2c]

[2026-09-29 19:56:50] [ERROR] [Selenium] Error en registro #15: Message: element click intercepted: Element is not clickable at point (57, 725)
  (Session info: chrome=153.0.8010.53); For documentation on this error, please visit: https://www.selenium.dev/documentation/webdriver/troubleshooting/errors#elementclickinterceptedexception
Stacktrace:
	chromedriver!GetHandleVerifier [0x7ff658921035+5a95]
	chromedriver!(No symbol) [0x7ff658842c70]
	chromedriver!(No symbol) [0x7ff658664a7d]
	chromedriver!(No symbol) [0x7ff6586c7d73]
	chromedriver!(No symbol) [0x7ff6586c597a]
	chromedriver!(No symbol) [0x7ff6586c2cb7]
	chromedriver!(No symbol) [0x7ff6586c1b70]
	chromedriver!(No symbol) [0x7ff6586b3b18]
	chromedriver!(No symbol) [0x7ff6586e93ea]
	chromedriver!(No symbol) [0x7ff6586b3396]
	chromedriver!(No symbol) [0x7ff65870fbea]
	chromedriver!(No symbol) [0x7ff6586b1d02]
	chromedriver!(No symbol) [0x7ff6586b2b13]
	chromedriver!GetHandleVerifier [0x7ff658d41411+425e71]
	chromedriver!GetHandleVerifier [0x7ff658d6ca47+4514a7]
	chromedriver!GetHandleVerifier [0x7ff658d6094e+4453ae]
	chromedriver!GetHandleVerifier [0x7ff658a1bf6e+1009ce]
	chromedriver!(No symbol) [0x7ff658850a05]
	chromedriver!(No symbol) [0x7ff65884bcf4]
	chromedriver!(No symbol) [0x7ff65884be84]
	chromedriver!(No symbol) [0x7ff6588366ac]
	KERNEL32!BaseThreadInitThunk [0x7ffa7265cd87+17]
	ntdll!RtlUserThreadStart [0x7ffa732ccaec+2c]

[2026-09-29 19:56:51] [ERROR] [Selenium] Error en registro #16: Message: element click intercepted: Element is not clickable at point (57, 723)
  (Session info: chrome=153.0.8010.53); For documentation on this error, please visit: https://www.selenium.dev/documentation/webdriver/troubleshooting/errors#elementclickinterceptedexception
Stacktrace:
	chromedriver!GetHandleVerifier [0x7ff658921035+5a95]
	chromedriver!(No symbol) [0x7ff658842c70]
	chromedriver!(No symbol) [0x7ff658664a7d]
	chromedriver!(No symbol) [0x7ff6586c7d73]
	chromedriver!(No symbol) [0x7ff6586c597a]
	chromedriver!(No symbol) [0x7ff6586c2cb7]
	chromedriver!(No symbol) [0x7ff6586c1b70]
	chromedriver!(No symbol) [0x7ff6586b3b18]
	chromedriver!(No symbol) [0x7ff6586e93ea]
	chromedriver!(No symbol) [0x7ff6586b3396]
	chromedriver!(No symbol) [0x7ff65870fbea]
	chromedriver!(No symbol) [0x7ff6586b1d02]
	chromedriver!(No symbol) [0x7ff6586b2b13]
	chromedriver!GetHandleVerifier [0x7ff658d41411+425e71]
	chromedriver!GetHandleVerifier [0x7ff658d6ca47+4514a7]
	chromedriver!GetHandleVerifier [0x7ff658d6094e+4453ae]
	chromedriver!GetHandleVerifier [0x7ff658a1bf6e+1009ce]
	chromedriver!(No symbol) [0x7ff658850a05]
	chromedriver!(No symbol) [0x7ff65884bcf4]
	chromedriver!(No symbol) [0x7ff65884be84]
	chromedriver!(No symbol) [0x7ff6588366ac]
	KERNEL32!BaseThreadInitThunk [0x7ffa7265cd87+17]
	ntdll!RtlUserThreadStart [0x7ffa732ccaec+2c]

[2026-09-29 19:56:52] [ERROR] [Selenium] Error en registro #17: Message: element click intercepted: Element is not clickable at point (57, 721)
  (Session info: chrome=153.0.8010.53); For documentation on this error, please visit: https://www.selenium.dev/documentation/webdriver/troubleshooting/errors#elementclickinterceptedexception
Stacktrace:
	chromedriver!GetHandleVerifier [0x7ff658921035+5a95]
	chromedriver!(No symbol) [0x7ff658842c70]
	chromedriver!(No symbol) [0x7ff658664a7d]
	chromedriver!(No symbol) [0x7ff6586c7d73]
	chromedriver!(No symbol) [0x7ff6586c597a]
	chromedriver!(No symbol) [0x7ff6586c2cb7]
	chromedriver!(No symbol) [0x7ff6586c1b70]
	chromedriver!(No symbol) [0x7ff6586b3b18]
	chromedriver!(No symbol) [0x7ff6586e93ea]
	chromedriver!(No symbol) [0x7ff6586b3396]
	chromedriver!(No symbol) [0x7ff65870fbea]
	chromedriver!(No symbol) [0x7ff6586b1d02]
	chromedriver!(No symbol) [0x7ff6586b2b13]
	chromedriver!GetHandleVerifier [0x7ff658d41411+425e71]
	chromedriver!GetHandleVerifier [0x7ff658d6ca47+4514a7]
	chromedriver!GetHandleVerifier [0x7ff658d6094e+4453ae]
	chromedriver!GetHandleVerifier [0x7ff658a1bf6e+1009ce]
	chromedriver!(No symbol) [0x7ff658850a05]
	chromedriver!(No symbol) [0x7ff65884bcf4]
	chromedriver!(No symbol) [0x7ff65884be84]
	chromedriver!(No symbol) [0x7ff6588366ac]
	KERNEL32!BaseThreadInitThunk [0x7ffa7265cd87+17]
	ntdll!RtlUserThreadStart [0x7ffa732ccaec+2c]

[2026-09-29 19:56:53] [ERROR] [Selenium] Error en registro #18: Message: element click intercepted: Element is not clickable at point (57, 719)
  (Session info: chrome=153.0.8010.53); For documentation on this error, please visit: https://www.selenium.dev/documentation/webdriver/troubleshooting/errors#elementclickinterceptedexception
Stacktrace:
	chromedriver!GetHandleVerifier [0x7ff658921035+5a95]
	chromedriver!(No symbol) [0x7ff658842c70]
	chromedriver!(No symbol) [0x7ff658664a7d]
	chromedriver!(No symbol) [0x7ff6586c7d73]
	chromedriver!(No symbol) [0x7ff6586c597a]
	chromedriver!(No symbol) [0x7ff6586c2cb7]
	chromedriver!(No symbol) [0x7ff6586c1b70]
	chromedriver!(No symbol) [0x7ff6586b3b18]
	chromedriver!(No symbol) [0x7ff6586e93ea]
	chromedriver!(No symbol) [0x7ff6586b3396]
	chromedriver!(No symbol) [0x7ff65870fbea]
	chromedriver!(No symbol) [0x7ff6586b1d02]
	chromedriver!(No symbol) [0x7ff6586b2b13]
	chromedriver!GetHandleVerifier [0x7ff658d41411+425e71]
	chromedriver!GetHandleVerifier [0x7ff658d6ca47+4514a7]
	chromedriver!GetHandleVerifier [0x7ff658d6094e+4453ae]
	chromedriver!GetHandleVerifier [0x7ff658a1bf6e+1009ce]
	chromedriver!(No symbol) [0x7ff658850a05]
	chromedriver!(No symbol) [0x7ff65884bcf4]
	chromedriver!(No symbol) [0x7ff65884be84]
	chromedriver!(No symbol) [0x7ff6588366ac]
	KERNEL32!BaseThreadInitThunk [0x7ffa7265cd87+17]
	ntdll!RtlUserThreadStart [0x7ffa732ccaec+2c]

[2026-09-29 19:56:55] [ERROR] [Selenium] Error en registro #19: Message: element click intercepted: Element is not clickable at point (57, 717)
  (Session info: chrome=153.0.8010.53); For documentation on this error, please visit: https://www.selenium.dev/documentation/webdriver/troubleshooting/errors#elementclickinterceptedexception
Stacktrace:
	chromedriver!GetHandleVerifier [0x7ff658921035+5a95]
	chromedriver!(No symbol) [0x7ff658842c70]
	chromedriver!(No symbol) [0x7ff658664a7d]
	chromedriver!(No symbol) [0x7ff6586c7d73]
	chromedriver!(No symbol) [0x7ff6586c597a]
	chromedriver!(No symbol) [0x7ff6586c2cb7]
	chromedriver!(No symbol) [0x7ff6586c1b70]
	chromedriver!(No symbol) [0x7ff6586b3b18]
	chromedriver!(No symbol) [0x7ff6586e93ea]
	chromedriver!(No symbol) [0x7ff6586b3396]
	chromedriver!(No symbol) [0x7ff65870fbea]
	chromedriver!(No symbol) [0x7ff6586b1d02]
	chromedriver!(No symbol) [0x7ff6586b2b13]
	chromedriver!GetHandleVerifier [0x7ff658d41411+425e71]
	chromedriver!GetHandleVerifier [0x7ff658d6ca47+4514a7]
	chromedriver!GetHandleVerifier [0x7ff658d6094e+4453ae]
	chromedriver!GetHandleVerifier [0x7ff658a1bf6e+1009ce]
	chromedriver!(No symbol) [0x7ff658850a05]
	chromedriver!(No symbol) [0x7ff65884bcf4]
	chromedriver!(No symbol) [0x7ff65884be84]
	chromedriver!(No symbol) [0x7ff6588366ac]
	KERNEL32!BaseThreadInitThunk [0x7ffa7265cd87+17]
	ntdll!RtlUserThreadStart [0x7ffa732ccaec+2c]

[2026-09-29 19:56:56] [ERROR] [Selenium] Error en registro #20: Message: element click intercepted: Element is not clickable at point (57, 715)
  (Session info: chrome=153.0.8010.53); For documentation on this error, please visit: https://www.selenium.dev/documentation/webdriver/troubleshooting/errors#elementclickinterceptedexception
Stacktrace:
	chromedriver!GetHandleVerifier [0x7ff658921035+5a95]
	chromedriver!(No symbol) [0x7ff658842c70]
	chromedriver!(No symbol) [0x7ff658664a7d]
	chromedriver!(No symbol) [0x7ff6586c7d73]
	chromedriver!(No symbol) [0x7ff6586c597a]
	chromedriver!(No symbol) [0x7ff6586c2cb7]
	chromedriver!(No symbol) [0x7ff6586c1b70]
	chromedriver!(No symbol) [0x7ff6586b3b18]
	chromedriver!(No symbol) [0x7ff6586e93ea]
	chromedriver!(No symbol) [0x7ff6586b3396]
	chromedriver!(No symbol) [0x7ff65870fbea]
	chromedriver!(No symbol) [0x7ff6586b1d02]
	chromedriver!(No symbol) [0x7ff6586b2b13]
	chromedriver!GetHandleVerifier [0x7ff658d41411+425e71]
	chromedriver!GetHandleVerifier [0x7ff658d6ca47+4514a7]
	chromedriver!GetHandleVerifier [0x7ff658d6094e+4453ae]
	chromedriver!GetHandleVerifier [0x7ff658a1bf6e+1009ce]
	chromedriver!(No symbol) [0x7ff658850a05]
	chromedriver!(No symbol) [0x7ff65884bcf4]
	chromedriver!(No symbol) [0x7ff65884be84]
	chromedriver!(No symbol) [0x7ff6588366ac]
	KERNEL32!BaseThreadInitThunk [0x7ffa7265cd87+17]
	ntdll!RtlUserThreadStart [0x7ffa732ccaec+2c]

[2026-09-29 19:56:57] [ERROR] [Selenium] Error en registro #21: Message: element click intercepted: Element is not clickable at point (57, 711)
  (Session info: chrome=153.0.8010.53); For documentation on this error, please visit: https://www.selenium.dev/documentation/webdriver/troubleshooting/errors#elementclickinterceptedexception
Stacktrace:
	chromedriver!GetHandleVerifier [0x7ff658921035+5a95]
	chromedriver!(No symbol) [0x7ff658842c70]
	chromedriver!(No symbol) [0x7ff658664a7d]
	chromedriver!(No symbol) [0x7ff6586c7d73]
	chromedriver!(No symbol) [0x7ff6586c597a]
	chromedriver!(No symbol) [0x7ff6586c2cb7]
	chromedriver!(No symbol) [0x7ff6586c1b70]
	chromedriver!(No symbol) [0x7ff6586b3b18]
	chromedriver!(No symbol) [0x7ff6586e93ea]
	chromedriver!(No symbol) [0x7ff6586b3396]
	chromedriver!(No symbol) [0x7ff65870fbea]
	chromedriver!(No symbol) [0x7ff6586b1d02]
	chromedriver!(No symbol) [0x7ff6586b2b13]
	chromedriver!GetHandleVerifier [0x7ff658d41411+425e71]
	chromedriver!GetHandleVerifier [0x7ff658d6ca47+4514a7]
	chromedriver!GetHandleVerifier [0x7ff658d6094e+4453ae]
	chromedriver!GetHandleVerifier [0x7ff658a1bf6e+1009ce]
	chromedriver!(No symbol) [0x7ff658850a05]
	chromedriver!(No symbol) [0x7ff65884bcf4]
	chromedriver!(No symbol) [0x7ff65884be84]
	chromedriver!(No symbol) [0x7ff6588366ac]
	KERNEL32!BaseThreadInitThunk [0x7ffa7265cd87+17]
	ntdll!RtlUserThreadStart [0x7ffa732ccaec+2c]

[2026-09-29 19:56:58] [ERROR] [Selenium] Error en registro #22: Message: element click intercepted: Element is not clickable at point (57, 709)
  (Session info: chrome=153.0.8010.53); For documentation on this error, please visit: https://www.selenium.dev/documentation/webdriver/troubleshooting/errors#elementclickinterceptedexception
Stacktrace:
	chromedriver!GetHandleVerifier [0x7ff658921035+5a95]
	chromedriver!(No symbol) [0x7ff658842c70]
	chromedriver!(No symbol) [0x7ff658664a7d]
	chromedriver!(No symbol) [0x7ff6586c7d73]
	chromedriver!(No symbol) [0x7ff6586c597a]
	chromedriver!(No symbol) [0x7ff6586c2cb7]
	chromedriver!(No symbol) [0x7ff6586c1b70]
	chromedriver!(No symbol) [0x7ff6586b3b18]
	chromedriver!(No symbol) [0x7ff6586e93ea]
	chromedriver!(No symbol) [0x7ff6586b3396]
	chromedriver!(No symbol) [0x7ff65870fbea]
	chromedriver!(No symbol) [0x7ff6586b1d02]
	chromedriver!(No symbol) [0x7ff6586b2b13]
	chromedriver!GetHandleVerifier [0x7ff658d41411+425e71]
	chromedriver!GetHandleVerifier [0x7ff658d6ca47+4514a7]
	chromedriver!GetHandleVerifier [0x7ff658d6094e+4453ae]
	chromedriver!GetHandleVerifier [0x7ff658a1bf6e+1009ce]
	chromedriver!(No symbol) [0x7ff658850a05]
	chromedriver!(No symbol) [0x7ff65884bcf4]
	chromedriver!(No symbol) [0x7ff65884be84]
	chromedriver!(No symbol) [0x7ff6588366ac]
	KERNEL32!BaseThreadInitThunk [0x7ffa7265cd87+17]
	ntdll!RtlUserThreadStart [0x7ffa732ccaec+2c]

[2026-09-29 19:57:00] [ERROR] [Selenium] Error en registro #23: Message: element click intercepted: Element is not clickable at point (57, 707)
  (Session info: chrome=153.0.8010.53); For documentation on this error, please visit: https://www.selenium.dev/documentation/webdriver/troubleshooting/errors#elementclickinterceptedexception
Stacktrace:
	chromedriver!GetHandleVerifier [0x7ff658921035+5a95]
	chromedriver!(No symbol) [0x7ff658842c70]
	chromedriver!(No symbol) [0x7ff658664a7d]
	chromedriver!(No symbol) [0x7ff6586c7d73]
	chromedriver!(No symbol) [0x7ff6586c597a]
	chromedriver!(No symbol) [0x7ff6586c2cb7]
	chromedriver!(No symbol) [0x7ff6586c1b70]
	chromedriver!(No symbol) [0x7ff6586b3b18]
	chromedriver!(No symbol) [0x7ff6586e93ea]
	chromedriver!(No symbol) [0x7ff6586b3396]
	chromedriver!(No symbol) [0x7ff65870fbea]
	chromedriver!(No symbol) [0x7ff6586b1d02]
	chromedriver!(No symbol) [0x7ff6586b2b13]
	chromedriver!GetHandleVerifier [0x7ff658d41411+425e71]
	chromedriver!GetHandleVerifier [0x7ff658d6ca47+4514a7]
	chromedriver!GetHandleVerifier [0x7ff658d6094e+4453ae]
	chromedriver!GetHandleVerifier [0x7ff658a1bf6e+1009ce]
	chromedriver!(No symbol) [0x7ff658850a05]
	chromedriver!(No symbol) [0x7ff65884bcf4]
	chromedriver!(No symbol) [0x7ff65884be84]
	chromedriver!(No symbol) [0x7ff6588366ac]
	KERNEL32!BaseThreadInitThunk [0x7ffa7265cd87+17]
	ntdll!RtlUserThreadStart [0x7ffa732ccaec+2c]

[2026-09-29 19:57:01] [ERROR] [Selenium] Error en registro #24: Message: element click intercepted: Element is not clickable at point (57, 705)
  (Session info: chrome=153.0.8010.53); For documentation on this error, please visit: https://www.selenium.dev/documentation/webdriver/troubleshooting/errors#elementclickinterceptedexception
Stacktrace:
	chromedriver!GetHandleVerifier [0x7ff658921035+5a95]
	chromedriver!(No symbol) [0x7ff658842c70]
	chromedriver!(No symbol) [0x7ff658664a7d]
	chromedriver!(No symbol) [0x7ff6586c7d73]
	chromedriver!(No symbol) [0x7ff6586c597a]
	chromedriver!(No symbol) [0x7ff6586c2cb7]
	chromedriver!(No symbol) [0x7ff6586c1b70]
	chromedriver!(No symbol) [0x7ff6586b3b18]
	chromedriver!(No symbol) [0x7ff6586e93ea]
	chromedriver!(No symbol) [0x7ff6586b3396]
	chromedriver!(No symbol) [0x7ff65870fbea]
	chromedriver!(No symbol) [0x7ff6586b1d02]
	chromedriver!(No symbol) [0x7ff6586b2b13]
	chromedriver!GetHandleVerifier [0x7ff658d41411+425e71]
	chromedriver!GetHandleVerifier [0x7ff658d6ca47+4514a7]
	chromedriver!GetHandleVerifier [0x7ff658d6094e+4453ae]
	chromedriver!GetHandleVerifier [0x7ff658a1bf6e+1009ce]
	chromedriver!(No symbol) [0x7ff658850a05]
	chromedriver!(No symbol) [0x7ff65884bcf4]
	chromedriver!(No symbol) [0x7ff65884be84]
	chromedriver!(No symbol) [0x7ff6588366ac]
	KERNEL32!BaseThreadInitThunk [0x7ffa7265cd87+17]
	ntdll!RtlUserThreadStart [0x7ffa732ccaec+2c]

[2026-09-29 19:57:02] [ERROR] [Selenium] Error en registro #25: Message: element click intercepted: Element is not clickable at point (57, 705)
  (Session info: chrome=153.0.8010.53); For documentation on this error, please visit: https://www.selenium.dev/documentation/webdriver/troubleshooting/errors#elementclickinterceptedexception
Stacktrace:
	chromedriver!GetHandleVerifier [0x7ff658921035+5a95]
	chromedriver!(No symbol) [0x7ff658842c70]
	chromedriver!(No symbol) [0x7ff658664a7d]
	chromedriver!(No symbol) [0x7ff6586c7d73]
	chromedriver!(No symbol) [0x7ff6586c597a]
	chromedriver!(No symbol) [0x7ff6586c2cb7]
	chromedriver!(No symbol) [0x7ff6586c1b70]
	chromedriver!(No symbol) [0x7ff6586b3b18]
	chromedriver!(No symbol) [0x7ff6586e93ea]
	chromedriver!(No symbol) [0x7ff6586b3396]
	chromedriver!(No symbol) [0x7ff65870fbea]
	chromedriver!(No symbol) [0x7ff6586b1d02]
	chromedriver!(No symbol) [0x7ff6586b2b13]
	chromedriver!GetHandleVerifier [0x7ff658d41411+425e71]
	chromedriver!GetHandleVerifier [0x7ff658d6ca47+4514a7]
	chromedriver!GetHandleVerifier [0x7ff658d6094e+4453ae]
	chromedriver!GetHandleVerifier [0x7ff658a1bf6e+1009ce]
	chromedriver!(No symbol) [0x7ff658850a05]
	chromedriver!(No symbol) [0x7ff65884bcf4]
	chromedriver!(No symbol) [0x7ff65884be84]
	chromedriver!(No symbol) [0x7ff6588366ac]
	KERNEL32!BaseThreadInitThunk [0x7ffa7265cd87+17]
	ntdll!RtlUserThreadStart [0x7ffa732ccaec+2c]

[2026-09-29 19:57:03] [ERROR] [Selenium] Error en registro #26: Message: element click intercepted: Element is not clickable at point (57, 703)
  (Session info: chrome=153.0.8010.53); For documentation on this error, please visit: https://www.selenium.dev/documentation/webdriver/troubleshooting/errors#elementclickinterceptedexception
Stacktrace:
	chromedriver!GetHandleVerifier [0x7ff658921035+5a95]
	chromedriver!(No symbol) [0x7ff658842c70]
	chromedriver!(No symbol) [0x7ff658664a7d]
	chromedriver!(No symbol) [0x7ff6586c7d73]
	chromedriver!(No symbol) [0x7ff6586c597a]
	chromedriver!(No symbol) [0x7ff6586c2cb7]
	chromedriver!(No symbol) [0x7ff6586c1b70]
	chromedriver!(No symbol) [0x7ff6586b3b18]
	chromedriver!(No symbol) [0x7ff6586e93ea]
	chromedriver!(No symbol) [0x7ff6586b3396]
	chromedriver!(No symbol) [0x7ff65870fbea]
	chromedriver!(No symbol) [0x7ff6586b1d02]
	chromedriver!(No symbol) [0x7ff6586b2b13]
	chromedriver!GetHandleVerifier [0x7ff658d41411+425e71]
	chromedriver!GetHandleVerifier [0x7ff658d6ca47+4514a7]
	chromedriver!GetHandleVerifier [0x7ff658d6094e+4453ae]
	chromedriver!GetHandleVerifier [0x7ff658a1bf6e+1009ce]
	chromedriver!(No symbol) [0x7ff658850a05]
	chromedriver!(No symbol) [0x7ff65884bcf4]
	chromedriver!(No symbol) [0x7ff65884be84]
	chromedriver!(No symbol) [0x7ff6588366ac]
	KERNEL32!BaseThreadInitThunk [0x7ffa7265cd87+17]
	ntdll!RtlUserThreadStart [0x7ffa732ccaec+2c]

[2026-09-29 19:57:05] [ERROR] [Selenium] Error en registro #27: Message: element click intercepted: Element is not clickable at point (57, 703)
  (Session info: chrome=153.0.8010.53); For documentation on this error, please visit: https://www.selenium.dev/documentation/webdriver/troubleshooting/errors#elementclickinterceptedexception
Stacktrace:
	chromedriver!GetHandleVerifier [0x7ff658921035+5a95]
	chromedriver!(No symbol) [0x7ff658842c70]
	chromedriver!(No symbol) [0x7ff658664a7d]
	chromedriver!(No symbol) [0x7ff6586c7d73]
	chromedriver!(No symbol) [0x7ff6586c597a]
	chromedriver!(No symbol) [0x7ff6586c2cb7]
	chromedriver!(No symbol) [0x7ff6586c1b70]
	chromedriver!(No symbol) [0x7ff6586b3b18]
	chromedriver!(No symbol) [0x7ff6586e93ea]
	chromedriver!(No symbol) [0x7ff6586b3396]
	chromedriver!(No symbol) [0x7ff65870fbea]
	chromedriver!(No symbol) [0x7ff6586b1d02]
	chromedriver!(No symbol) [0x7ff6586b2b13]
	chromedriver!GetHandleVerifier [0x7ff658d41411+425e71]
	chromedriver!GetHandleVerifier [0x7ff658d6ca47+4514a7]
	chromedriver!GetHandleVerifier [0x7ff658d6094e+4453ae]
	chromedriver!GetHandleVerifier [0x7ff658a1bf6e+1009ce]
	chromedriver!(No symbol) [0x7ff658850a05]
	chromedriver!(No symbol) [0x7ff65884bcf4]
	chromedriver!(No symbol) [0x7ff65884be84]
	chromedriver!(No symbol) [0x7ff6588366ac]
	KERNEL32!BaseThreadInitThunk [0x7ffa7265cd87+17]
	ntdll!RtlUserThreadStart [0x7ffa732ccaec+2c]

[2026-09-29 19:57:06] [ERROR] [Selenium] Error en registro #28: Message: element click intercepted: Element is not clickable at point (57, 701)
  (Session info: chrome=153.0.8010.53); For documentation on this error, please visit: https://www.selenium.dev/documentation/webdriver/troubleshooting/errors#elementclickinterceptedexception
Stacktrace:
	chromedriver!GetHandleVerifier [0x7ff658921035+5a95]
	chromedriver!(No symbol) [0x7ff658842c70]
	chromedriver!(No symbol) [0x7ff658664a7d]
	chromedriver!(No symbol) [0x7ff6586c7d73]
	chromedriver!(No symbol) [0x7ff6586c597a]
	chromedriver!(No symbol) [0x7ff6586c2cb7]
	chromedriver!(No symbol) [0x7ff6586c1b70]
	chromedriver!(No symbol) [0x7ff6586b3b18]
	chromedriver!(No symbol) [0x7ff6586e93ea]
	chromedriver!(No symbol) [0x7ff6586b3396]
	chromedriver!(No symbol) [0x7ff65870fbea]
	chromedriver!(No symbol) [0x7ff6586b1d02]
	chromedriver!(No symbol) [0x7ff6586b2b13]
	chromedriver!GetHandleVerifier [0x7ff658d41411+425e71]
	chromedriver!GetHandleVerifier [0x7ff658d6ca47+4514a7]
	chromedriver!GetHandleVerifier [0x7ff658d6094e+4453ae]
	chromedriver!GetHandleVerifier [0x7ff658a1bf6e+1009ce]
	chromedriver!(No symbol) [0x7ff658850a05]
	chromedriver!(No symbol) [0x7ff65884bcf4]
	chromedriver!(No symbol) [0x7ff65884be84]
	chromedriver!(No symbol) [0x7ff6588366ac]
	KERNEL32!BaseThreadInitThunk [0x7ffa7265cd87+17]
	ntdll!RtlUserThreadStart [0x7ffa732ccaec+2c]

[2026-09-29 19:57:07] [ERROR] [Selenium] Error en registro #29: Message: element click intercepted: Element is not clickable at point (57, 701)
  (Session info: chrome=153.0.8010.53); For documentation on this error, please visit: https://www.selenium.dev/documentation/webdriver/troubleshooting/errors#elementclickinterceptedexception
Stacktrace:
	chromedriver!GetHandleVerifier [0x7ff658921035+5a95]
	chromedriver!(No symbol) [0x7ff658842c70]
	chromedriver!(No symbol) [0x7ff658664a7d]
	chromedriver!(No symbol) [0x7ff6586c7d73]
	chromedriver!(No symbol) [0x7ff6586c597a]
	chromedriver!(No symbol) [0x7ff6586c2cb7]
	chromedriver!(No symbol) [0x7ff6586c1b70]
	chromedriver!(No symbol) [0x7ff6586b3b18]
	chromedriver!(No symbol) [0x7ff6586e93ea]
	chromedriver!(No symbol) [0x7ff6586b3396]
	chromedriver!(No symbol) [0x7ff65870fbea]
	chromedriver!(No symbol) [0x7ff6586b1d02]
	chromedriver!(No symbol) [0x7ff6586b2b13]
	chromedriver!GetHandleVerifier [0x7ff658d41411+425e71]
	chromedriver!GetHandleVerifier [0x7ff658d6ca47+4514a7]
	chromedriver!GetHandleVerifier [0x7ff658d6094e+4453ae]
	chromedriver!GetHandleVerifier [0x7ff658a1bf6e+1009ce]
	chromedriver!(No symbol) [0x7ff658850a05]
	chromedriver!(No symbol) [0x7ff65884bcf4]
	chromedriver!(No symbol) [0x7ff65884be84]
	chromedriver!(No symbol) [0x7ff6588366ac]
	KERNEL32!BaseThreadInitThunk [0x7ffa7265cd87+17]
	ntdll!RtlUserThreadStart [0x7ffa732ccaec+2c]

[2026-09-29 19:57:08] [ERROR] [Selenium] Error en registro #30: Message: element click intercepted: Element is not clickable at point (57, 699)
  (Session info: chrome=153.0.8010.53); For documentation on this error, please visit: https://www.selenium.dev/documentation/webdriver/troubleshooting/errors#elementclickinterceptedexception
Stacktrace:
	chromedriver!GetHandleVerifier [0x7ff658921035+5a95]
	chromedriver!(No symbol) [0x7ff658842c70]
	chromedriver!(No symbol) [0x7ff658664a7d]
	chromedriver!(No symbol) [0x7ff6586c7d73]
	chromedriver!(No symbol) [0x7ff6586c597a]
	chromedriver!(No symbol) [0x7ff6586c2cb7]
	chromedriver!(No symbol) [0x7ff6586c1b70]
	chromedriver!(No symbol) [0x7ff6586b3b18]
	chromedriver!(No symbol) [0x7ff6586e93ea]
	chromedriver!(No symbol) [0x7ff6586b3396]
	chromedriver!(No symbol) [0x7ff65870fbea]
	chromedriver!(No symbol) [0x7ff6586b1d02]
	chromedriver!(No symbol) [0x7ff6586b2b13]
	chromedriver!GetHandleVerifier [0x7ff658d41411+425e71]
	chromedriver!GetHandleVerifier [0x7ff658d6ca47+4514a7]
	chromedriver!GetHandleVerifier [0x7ff658d6094e+4453ae]
	chromedriver!GetHandleVerifier [0x7ff658a1bf6e+1009ce]
	chromedriver!(No symbol) [0x7ff658850a05]
	chromedriver!(No symbol) [0x7ff65884bcf4]
	chromedriver!(No symbol) [0x7ff65884be84]
	chromedriver!(No symbol) [0x7ff6588366ac]
	KERNEL32!BaseThreadInitThunk [0x7ffa7265cd87+17]
	ntdll!RtlUserThreadStart [0x7ffa732ccaec+2c]

[2026-09-29 19:57:10] [ERROR] [Selenium] Error en registro #31: Message: element click intercepted: Element is not clickable at point (57, 697)
  (Session info: chrome=153.0.8010.53); For documentation on this error, please visit: https://www.selenium.dev/documentation/webdriver/troubleshooting/errors#elementclickinterceptedexception
Stacktrace:
	chromedriver!GetHandleVerifier [0x7ff658921035+5a95]
	chromedriver!(No symbol) [0x7ff658842c70]
	chromedriver!(No symbol) [0x7ff658664a7d]
	chromedriver!(No symbol) [0x7ff6586c7d73]
	chromedriver!(No symbol) [0x7ff6586c597a]
	chromedriver!(No symbol) [0x7ff6586c2cb7]
	chromedriver!(No symbol) [0x7ff6586c1b70]
	chromedriver!(No symbol) [0x7ff6586b3b18]
	chromedriver!(No symbol) [0x7ff6586e93ea]
	chromedriver!(No symbol) [0x7ff6586b3396]
	chromedriver!(No symbol) [0x7ff65870fbea]
	chromedriver!(No symbol) [0x7ff6586b1d02]
	chromedriver!(No symbol) [0x7ff6586b2b13]
	chromedriver!GetHandleVerifier [0x7ff658d41411+425e71]
	chromedriver!GetHandleVerifier [0x7ff658d6ca47+4514a7]
	chromedriver!GetHandleVerifier [0x7ff658d6094e+4453ae]
	chromedriver!GetHandleVerifier [0x7ff658a1bf6e+1009ce]
	chromedriver!(No symbol) [0x7ff658850a05]
	chromedriver!(No symbol) [0x7ff65884bcf4]
	chromedriver!(No symbol) [0x7ff65884be84]
	chromedriver!(No symbol) [0x7ff6588366ac]
	KERNEL32!BaseThreadInitThunk [0x7ffa7265cd87+17]
	ntdll!RtlUserThreadStart [0x7ffa732ccaec+2c]

[2026-09-29 19:57:11] [ERROR] [Selenium] Error en registro #32: Message: element click intercepted: Element is not clickable at point (57, 695)
  (Session info: chrome=153.0.8010.53); For documentation on this error, please visit: https://www.selenium.dev/documentation/webdriver/troubleshooting/errors#elementclickinterceptedexception
Stacktrace:
	chromedriver!GetHandleVerifier [0x7ff658921035+5a95]
	chromedriver!(No symbol) [0x7ff658842c70]
	chromedriver!(No symbol) [0x7ff658664a7d]
	chromedriver!(No symbol) [0x7ff6586c7d73]
	chromedriver!(No symbol) [0x7ff6586c597a]
	chromedriver!(No symbol) [0x7ff6586c2cb7]
	chromedriver!(No symbol) [0x7ff6586c1b70]
	chromedriver!(No symbol) [0x7ff6586b3b18]
	chromedriver!(No symbol) [0x7ff6586e93ea]
	chromedriver!(No symbol) [0x7ff6586b3396]
	chromedriver!(No symbol) [0x7ff65870fbea]
	chromedriver!(No symbol) [0x7ff6586b1d02]
	chromedriver!(No symbol) [0x7ff6586b2b13]
	chromedriver!GetHandleVerifier [0x7ff658d41411+425e71]
	chromedriver!GetHandleVerifier [0x7ff658d6ca47+4514a7]
	chromedriver!GetHandleVerifier [0x7ff658d6094e+4453ae]
	chromedriver!GetHandleVerifier [0x7ff658a1bf6e+1009ce]
	chromedriver!(No symbol) [0x7ff658850a05]
	chromedriver!(No symbol) [0x7ff65884bcf4]
	chromedriver!(No symbol) [0x7ff65884be84]
	chromedriver!(No symbol) [0x7ff6588366ac]
	KERNEL32!BaseThreadInitThunk [0x7ffa7265cd87+17]
	ntdll!RtlUserThreadStart [0x7ffa732ccaec+2c]

[2026-09-29 19:57:12] [ERROR] [Selenium] Error en registro #33: Message: element click intercepted: Element is not clickable at point (57, 695)
  (Session info: chrome=153.0.8010.53); For documentation on this error, please visit: https://www.selenium.dev/documentation/webdriver/troubleshooting/errors#elementclickinterceptedexception
Stacktrace:
	chromedriver!GetHandleVerifier [0x7ff658921035+5a95]
	chromedriver!(No symbol) [0x7ff658842c70]
	chromedriver!(No symbol) [0x7ff658664a7d]
	chromedriver!(No symbol) [0x7ff6586c7d73]
	chromedriver!(No symbol) [0x7ff6586c597a]
	chromedriver!(No symbol) [0x7ff6586c2cb7]
	chromedriver!(No symbol) [0x7ff6586c1b70]
	chromedriver!(No symbol) [0x7ff6586b3b18]
	chromedriver!(No symbol) [0x7ff6586e93ea]
	chromedriver!(No symbol) [0x7ff6586b3396]
	chromedriver!(No symbol) [0x7ff65870fbea]
	chromedriver!(No symbol) [0x7ff6586b1d02]
	chromedriver!(No symbol) [0x7ff6586b2b13]
	chromedriver!GetHandleVerifier [0x7ff658d41411+425e71]
	chromedriver!GetHandleVerifier [0x7ff658d6ca47+4514a7]
	chromedriver!GetHandleVerifier [0x7ff658d6094e+4453ae]
	chromedriver!GetHandleVerifier [0x7ff658a1bf6e+1009ce]
	chromedriver!(No symbol) [0x7ff658850a05]
	chromedriver!(No symbol) [0x7ff65884bcf4]
	chromedriver!(No symbol) [0x7ff65884be84]
	chromedriver!(No symbol) [0x7ff6588366ac]
	KERNEL32!BaseThreadInitThunk [0x7ffa7265cd87+17]
	ntdll!RtlUserThreadStart [0x7ffa732ccaec+2c]

[2026-09-29 19:57:13] [ERROR] [Selenium] Error en registro #34: Message: element click intercepted: Element is not clickable at point (57, 692)
  (Session info: chrome=153.0.8010.53); For documentation on this error, please visit: https://www.selenium.dev/documentation/webdriver/troubleshooting/errors#elementclickinterceptedexception
Stacktrace:
	chromedriver!GetHandleVerifier [0x7ff658921035+5a95]
	chromedriver!(No symbol) [0x7ff658842c70]
	chromedriver!(No symbol) [0x7ff658664a7d]
	chromedriver!(No symbol) [0x7ff6586c7d73]
	chromedriver!(No symbol) [0x7ff6586c597a]
	chromedriver!(No symbol) [0x7ff6586c2cb7]
	chromedriver!(No symbol) [0x7ff6586c1b70]
	chromedriver!(No symbol) [0x7ff6586b3b18]
	chromedriver!(No symbol) [0x7ff6586e93ea]
	chromedriver!(No symbol) [0x7ff6586b3396]
	chromedriver!(No symbol) [0x7ff65870fbea]
	chromedriver!(No symbol) [0x7ff6586b1d02]
	chromedriver!(No symbol) [0x7ff6586b2b13]
	chromedriver!GetHandleVerifier [0x7ff658d41411+425e71]
	chromedriver!GetHandleVerifier [0x7ff658d6ca47+4514a7]
	chromedriver!GetHandleVerifier [0x7ff658d6094e+4453ae]
	chromedriver!GetHandleVerifier [0x7ff658a1bf6e+1009ce]
	chromedriver!(No symbol) [0x7ff658850a05]
	chromedriver!(No symbol) [0x7ff65884bcf4]
	chromedriver!(No symbol) [0x7ff65884be84]
	chromedriver!(No symbol) [0x7ff6588366ac]
	KERNEL32!BaseThreadInitThunk [0x7ffa7265cd87+17]
	ntdll!RtlUserThreadStart [0x7ffa732ccaec+2c]

[2026-09-29 19:57:15] [ERROR] [Selenium] Error en registro #35: Message: element click intercepted: Element is not clickable at point (57, 689)
  (Session info: chrome=153.0.8010.53); For documentation on this error, please visit: https://www.selenium.dev/documentation/webdriver/troubleshooting/errors#elementclickinterceptedexception
Stacktrace:
	chromedriver!GetHandleVerifier [0x7ff658921035+5a95]
	chromedriver!(No symbol) [0x7ff658842c70]
	chromedriver!(No symbol) [0x7ff658664a7d]
	chromedriver!(No symbol) [0x7ff6586c7d73]
	chromedriver!(No symbol) [0x7ff6586c597a]
	chromedriver!(No symbol) [0x7ff6586c2cb7]
	chromedriver!(No symbol) [0x7ff6586c1b70]
	chromedriver!(No symbol) [0x7ff6586b3b18]
	chromedriver!(No symbol) [0x7ff6586e93ea]
	chromedriver!(No symbol) [0x7ff6586b3396]
	chromedriver!(No symbol) [0x7ff65870fbea]
	chromedriver!(No symbol) [0x7ff6586b1d02]
	chromedriver!(No symbol) [0x7ff6586b2b13]
	chromedriver!GetHandleVerifier [0x7ff658d41411+425e71]
	chromedriver!GetHandleVerifier [0x7ff658d6ca47+4514a7]
	chromedriver!GetHandleVerifier [0x7ff658d6094e+4453ae]
	chromedriver!GetHandleVerifier [0x7ff658a1bf6e+1009ce]
	chromedriver!(No symbol) [0x7ff658850a05]
	chromedriver!(No symbol) [0x7ff65884bcf4]
	chromedriver!(No symbol) [0x7ff65884be84]
	chromedriver!(No symbol) [0x7ff6588366ac]
	KERNEL32!BaseThreadInitThunk [0x7ffa7265cd87+17]
	ntdll!RtlUserThreadStart [0x7ffa732ccaec+2c]

[2026-09-29 19:57:16] [ERROR] [Selenium] Error en registro #36: Message: element click intercepted: Element is not clickable at point (57, 686)
  (Session info: chrome=153.0.8010.53); For documentation on this error, please visit: https://www.selenium.dev/documentation/webdriver/troubleshooting/errors#elementclickinterceptedexception
Stacktrace:
	chromedriver!GetHandleVerifier [0x7ff658921035+5a95]
	chromedriver!(No symbol) [0x7ff658842c70]
	chromedriver!(No symbol) [0x7ff658664a7d]
	chromedriver!(No symbol) [0x7ff6586c7d73]
	chromedriver!(No symbol) [0x7ff6586c597a]
	chromedriver!(No symbol) [0x7ff6586c2cb7]
	chromedriver!(No symbol) [0x7ff6586c1b70]
	chromedriver!(No symbol) [0x7ff6586b3b18]
	chromedriver!(No symbol) [0x7ff6586e93ea]
	chromedriver!(No symbol) [0x7ff6586b3396]
	chromedriver!(No symbol) [0x7ff65870fbea]
	chromedriver!(No symbol) [0x7ff6586b1d02]
	chromedriver!(No symbol) [0x7ff6586b2b13]
	chromedriver!GetHandleVerifier [0x7ff658d41411+425e71]
	chromedriver!GetHandleVerifier [0x7ff658d6ca47+4514a7]
	chromedriver!GetHandleVerifier [0x7ff658d6094e+4453ae]
	chromedriver!GetHandleVerifier [0x7ff658a1bf6e+1009ce]
	chromedriver!(No symbol) [0x7ff658850a05]
	chromedriver!(No symbol) [0x7ff65884bcf4]
	chromedriver!(No symbol) [0x7ff65884be84]
	chromedriver!(No symbol) [0x7ff6588366ac]
	KERNEL32!BaseThreadInitThunk [0x7ffa7265cd87+17]
	ntdll!RtlUserThreadStart [0x7ffa732ccaec+2c]

[2026-09-29 19:57:17] [ERROR] [Selenium] Error en registro #37: Message: element click intercepted: Element is not clickable at point (57, 682)
  (Session info: chrome=153.0.8010.53); For documentation on this error, please visit: https://www.selenium.dev/documentation/webdriver/troubleshooting/errors#elementclickinterceptedexception
Stacktrace:
	chromedriver!GetHandleVerifier [0x7ff658921035+5a95]
	chromedriver!(No symbol) [0x7ff658842c70]
	chromedriver!(No symbol) [0x7ff658664a7d]
	chromedriver!(No symbol) [0x7ff6586c7d73]
	chromedriver!(No symbol) [0x7ff6586c597a]
	chromedriver!(No symbol) [0x7ff6586c2cb7]
	chromedriver!(No symbol) [0x7ff6586c1b70]
	chromedriver!(No symbol) [0x7ff6586b3b18]
	chromedriver!(No symbol) [0x7ff6586e93ea]
	chromedriver!(No symbol) [0x7ff6586b3396]
	chromedriver!(No symbol) [0x7ff65870fbea]
	chromedriver!(No symbol) [0x7ff6586b1d02]
	chromedriver!(No symbol) [0x7ff6586b2b13]
	chromedriver!GetHandleVerifier [0x7ff658d41411+425e71]
	chromedriver!GetHandleVerifier [0x7ff658d6ca47+4514a7]
	chromedriver!GetHandleVerifier [0x7ff658d6094e+4453ae]
	chromedriver!GetHandleVerifier [0x7ff658a1bf6e+1009ce]
	chromedriver!(No symbol) [0x7ff658850a05]
	chromedriver!(No symbol) [0x7ff65884bcf4]
	chromedriver!(No symbol) [0x7ff65884be84]
	chromedriver!(No symbol) [0x7ff6588366ac]
	KERNEL32!BaseThreadInitThunk [0x7ffa7265cd87+17]
	ntdll!RtlUserThreadStart [0x7ffa732ccaec+2c]

[2026-09-29 19:57:18] [ERROR] [Selenium] Error en registro #38: Message: element click intercepted: Element is not clickable at point (57, 679)
  (Session info: chrome=153.0.8010.53); For documentation on this error, please visit: https://www.selenium.dev/documentation/webdriver/troubleshooting/errors#elementclickinterceptedexception
Stacktrace:
	chromedriver!GetHandleVerifier [0x7ff658921035+5a95]
	chromedriver!(No symbol) [0x7ff658842c70]
	chromedriver!(No symbol) [0x7ff658664a7d]
	chromedriver!(No symbol) [0x7ff6586c7d73]
	chromedriver!(No symbol) [0x7ff6586c597a]
	chromedriver!(No symbol) [0x7ff6586c2cb7]
	chromedriver!(No symbol) [0x7ff6586c1b70]
	chromedriver!(No symbol) [0x7ff6586b3b18]
	chromedriver!(No symbol) [0x7ff6586e93ea]
	chromedriver!(No symbol) [0x7ff6586b3396]
	chromedriver!(No symbol) [0x7ff65870fbea]
	chromedriver!(No symbol) [0x7ff6586b1d02]
	chromedriver!(No symbol) [0x7ff6586b2b13]
	chromedriver!GetHandleVerifier [0x7ff658d41411+425e71]
	chromedriver!GetHandleVerifier [0x7ff658d6ca47+4514a7]
	chromedriver!GetHandleVerifier [0x7ff658d6094e+4453ae]
	chromedriver!GetHandleVerifier [0x7ff658a1bf6e+1009ce]
	chromedriver!(No symbol) [0x7ff658850a05]
	chromedriver!(No symbol) [0x7ff65884bcf4]
	chromedriver!(No symbol) [0x7ff65884be84]
	chromedriver!(No symbol) [0x7ff6588366ac]
	KERNEL32!BaseThreadInitThunk [0x7ffa7265cd87+17]
	ntdll!RtlUserThreadStart [0x7ffa732ccaec+2c]

[2026-09-29 19:57:20] [ERROR] [Selenium] Error en registro #39: Message: element click intercepted: Element is not clickable at point (57, 677)
  (Session info: chrome=153.0.8010.53); For documentation on this error, please visit: https://www.selenium.dev/documentation/webdriver/troubleshooting/errors#elementclickinterceptedexception
Stacktrace:
	chromedriver!GetHandleVerifier [0x7ff658921035+5a95]
	chromedriver!(No symbol) [0x7ff658842c70]
	chromedriver!(No symbol) [0x7ff658664a7d]
	chromedriver!(No symbol) [0x7ff6586c7d73]
	chromedriver!(No symbol) [0x7ff6586c597a]
	chromedriver!(No symbol) [0x7ff6586c2cb7]
	chromedriver!(No symbol) [0x7ff6586c1b70]
	chromedriver!(No symbol) [0x7ff6586b3b18]
	chromedriver!(No symbol) [0x7ff6586e93ea]
	chromedriver!(No symbol) [0x7ff6586b3396]
	chromedriver!(No symbol) [0x7ff65870fbea]
	chromedriver!(No symbol) [0x7ff6586b1d02]
	chromedriver!(No symbol) [0x7ff6586b2b13]
	chromedriver!GetHandleVerifier [0x7ff658d41411+425e71]
	chromedriver!GetHandleVerifier [0x7ff658d6ca47+4514a7]
	chromedriver!GetHandleVerifier [0x7ff658d6094e+4453ae]
	chromedriver!GetHandleVerifier [0x7ff658a1bf6e+1009ce]
	chromedriver!(No symbol) [0x7ff658850a05]
	chromedriver!(No symbol) [0x7ff65884bcf4]
	chromedriver!(No symbol) [0x7ff65884be84]
	chromedriver!(No symbol) [0x7ff6588366ac]
	KERNEL32!BaseThreadInitThunk [0x7ffa7265cd87+17]
	ntdll!RtlUserThreadStart [0x7ffa732ccaec+2c]

[2026-09-29 19:57:21] [ERROR] [Selenium] Error en registro #40: Message: element click intercepted: Element is not clickable at point (57, 677)
  (Session info: chrome=153.0.8010.53); For documentation on this error, please visit: https://www.selenium.dev/documentation/webdriver/troubleshooting/errors#elementclickinterceptedexception
Stacktrace:
	chromedriver!GetHandleVerifier [0x7ff658921035+5a95]
	chromedriver!(No symbol) [0x7ff658842c70]
	chromedriver!(No symbol) [0x7ff658664a7d]
	chromedriver!(No symbol) [0x7ff6586c7d73]
	chromedriver!(No symbol) [0x7ff6586c597a]
	chromedriver!(No symbol) [0x7ff6586c2cb7]
	chromedriver!(No symbol) [0x7ff6586c1b70]
	chromedriver!(No symbol) [0x7ff6586b3b18]
	chromedriver!(No symbol) [0x7ff6586e93ea]
	chromedriver!(No symbol) [0x7ff6586b3396]
	chromedriver!(No symbol) [0x7ff65870fbea]
	chromedriver!(No symbol) [0x7ff6586b1d02]
	chromedriver!(No symbol) [0x7ff6586b2b13]
	chromedriver!GetHandleVerifier [0x7ff658d41411+425e71]
	chromedriver!GetHandleVerifier [0x7ff658d6ca47+4514a7]
	chromedriver!GetHandleVerifier [0x7ff658d6094e+4453ae]
	chromedriver!GetHandleVerifier [0x7ff658a1bf6e+1009ce]
	chromedriver!(No symbol) [0x7ff658850a05]
	chromedriver!(No symbol) [0x7ff65884bcf4]
	chromedriver!(No symbol) [0x7ff65884be84]
	chromedriver!(No symbol) [0x7ff6588366ac]
	KERNEL32!BaseThreadInitThunk [0x7ffa7265cd87+17]
	ntdll!RtlUserThreadStart [0x7ffa732ccaec+2c]

[2026-09-29 19:57:22] [ERROR] [Selenium] Error en registro #41: Message: element click intercepted: Element is not clickable at point (57, 481)
  (Session info: chrome=153.0.8010.53); For documentation on this error, please visit: https://www.selenium.dev/documentation/webdriver/troubleshooting/errors#elementclickinterceptedexception
Stacktrace:
	chromedriver!GetHandleVerifier [0x7ff658921035+5a95]
	chromedriver!(No symbol) [0x7ff658842c70]
	chromedriver!(No symbol) [0x7ff658664a7d]
	chromedriver!(No symbol) [0x7ff6586c7d73]
	chromedriver!(No symbol) [0x7ff6586c597a]
	chromedriver!(No symbol) [0x7ff6586c2cb7]
	chromedriver!(No symbol) [0x7ff6586c1b70]
	chromedriver!(No symbol) [0x7ff6586b3b18]
	chromedriver!(No symbol) [0x7ff6586e93ea]
	chromedriver!(No symbol) [0x7ff6586b3396]
	chromedriver!(No symbol) [0x7ff65870fbea]
	chromedriver!(No symbol) [0x7ff6586b1d02]
	chromedriver!(No symbol) [0x7ff6586b2b13]
	chromedriver!GetHandleVerifier [0x7ff658d41411+425e71]
	chromedriver!GetHandleVerifier [0x7ff658d6ca47+4514a7]
	chromedriver!GetHandleVerifier [0x7ff658d6094e+4453ae]
	chromedriver!GetHandleVerifier [0x7ff658a1bf6e+1009ce]
	chromedriver!(No symbol) [0x7ff658850a05]
	chromedriver!(No symbol) [0x7ff65884bcf4]
	chromedriver!(No symbol) [0x7ff65884be84]
	chromedriver!(No symbol) [0x7ff6588366ac]
	KERNEL32!BaseThreadInitThunk [0x7ffa7265cd87+17]
	ntdll!RtlUserThreadStart [0x7ffa732ccaec+2c]

[2026-09-29 19:57:24] [ERROR] [Selenium] Error en registro #42: Message: element click intercepted: Element is not clickable at point (57, 481)
  (Session info: chrome=153.0.8010.53); For documentation on this error, please visit: https://www.selenium.dev/documentation/webdriver/troubleshooting/errors#elementclickinterceptedexception
Stacktrace:
	chromedriver!GetHandleVerifier [0x7ff658921035+5a95]
	chromedriver!(No symbol) [0x7ff658842c70]
	chromedriver!(No symbol) [0x7ff658664a7d]
	chromedriver!(No symbol) [0x7ff6586c7d73]
	chromedriver!(No symbol) [0x7ff6586c597a]
	chromedriver!(No symbol) [0x7ff6586c2cb7]
	chromedriver!(No symbol) [0x7ff6586c1b70]
	chromedriver!(No symbol) [0x7ff6586b3b18]
	chromedriver!(No symbol) [0x7ff6586e93ea]
	chromedriver!(No symbol) [0x7ff6586b3396]
	chromedriver!(No symbol) [0x7ff65870fbea]
	chromedriver!(No symbol) [0x7ff6586b1d02]
	chromedriver!(No symbol) [0x7ff6586b2b13]
	chromedriver!GetHandleVerifier [0x7ff658d41411+425e71]
	chromedriver!GetHandleVerifier [0x7ff658d6ca47+4514a7]
	chromedriver!GetHandleVerifier [0x7ff658d6094e+4453ae]
	chromedriver!GetHandleVerifier [0x7ff658a1bf6e+1009ce]
	chromedriver!(No symbol) [0x7ff658850a05]
	chromedriver!(No symbol) [0x7ff65884bcf4]
	chromedriver!(No symbol) [0x7ff65884be84]
	chromedriver!(No symbol) [0x7ff6588366ac]
	KERNEL32!BaseThreadInitThunk [0x7ffa7265cd87+17]
	ntdll!RtlUserThreadStart [0x7ffa732ccaec+2c]

[2026-09-29 19:57:25] [ERROR] [Selenium] Error en registro #43: Message: element click intercepted: Element is not clickable at point (57, 491)
  (Session info: chrome=153.0.8010.53); For documentation on this error, please visit: https://www.selenium.dev/documentation/webdriver/troubleshooting/errors#elementclickinterceptedexception
Stacktrace:
	chromedriver!GetHandleVerifier [0x7ff658921035+5a95]
	chromedriver!(No symbol) [0x7ff658842c70]
	chromedriver!(No symbol) [0x7ff658664a7d]
	chromedriver!(No symbol) [0x7ff6586c7d73]
	chromedriver!(No symbol) [0x7ff6586c597a]
	chromedriver!(No symbol) [0x7ff6586c2cb7]
	chromedriver!(No symbol) [0x7ff6586c1b70]
	chromedriver!(No symbol) [0x7ff6586b3b18]
	chromedriver!(No symbol) [0x7ff6586e93ea]
	chromedriver!(No symbol) [0x7ff6586b3396]
	chromedriver!(No symbol) [0x7ff65870fbea]
	chromedriver!(No symbol) [0x7ff6586b1d02]
	chromedriver!(No symbol) [0x7ff6586b2b13]
	chromedriver!GetHandleVerifier [0x7ff658d41411+425e71]
	chromedriver!GetHandleVerifier [0x7ff658d6ca47+4514a7]
	chromedriver!GetHandleVerifier [0x7ff658d6094e+4453ae]
	chromedriver!GetHandleVerifier [0x7ff658a1bf6e+1009ce]
	chromedriver!(No symbol) [0x7ff658850a05]
	chromedriver!(No symbol) [0x7ff65884bcf4]
	chromedriver!(No symbol) [0x7ff65884be84]
	chromedriver!(No symbol) [0x7ff6588366ac]
	KERNEL32!BaseThreadInitThunk [0x7ffa7265cd87+17]
	ntdll!RtlUserThreadStart [0x7ffa732ccaec+2c]

[2026-09-29 19:57:26] [ERROR] [Selenium] Error en registro #44: Message: element click intercepted: Element is not clickable at point (57, 491)
  (Session info: chrome=153.0.8010.53); For documentation on this error, please visit: https://www.selenium.dev/documentation/webdriver/troubleshooting/errors#elementclickinterceptedexception
Stacktrace:
	chromedriver!GetHandleVerifier [0x7ff658921035+5a95]
	chromedriver!(No symbol) [0x7ff658842c70]
	chromedriver!(No symbol) [0x7ff658664a7d]
	chromedriver!(No symbol) [0x7ff6586c7d73]
	chromedriver!(No symbol) [0x7ff6586c597a]
	chromedriver!(No symbol) [0x7ff6586c2cb7]
	chromedriver!(No symbol) [0x7ff6586c1b70]
	chromedriver!(No symbol) [0x7ff6586b3b18]
	chromedriver!(No symbol) [0x7ff6586e93ea]
	chromedriver!(No symbol) [0x7ff6586b3396]
	chromedriver!(No symbol) [0x7ff65870fbea]
	chromedriver!(No symbol) [0x7ff6586b1d02]
	chromedriver!(No symbol) [0x7ff6586b2b13]
	chromedriver!GetHandleVerifier [0x7ff658d41411+425e71]
	chromedriver!GetHandleVerifier [0x7ff658d6ca47+4514a7]
	chromedriver!GetHandleVerifier [0x7ff658d6094e+4453ae]
	chromedriver!GetHandleVerifier [0x7ff658a1bf6e+1009ce]
	chromedriver!(No symbol) [0x7ff658850a05]
	chromedriver!(No symbol) [0x7ff65884bcf4]
	chromedriver!(No symbol) [0x7ff65884be84]
	chromedriver!(No symbol) [0x7ff6588366ac]
	KERNEL32!BaseThreadInitThunk [0x7ffa7265cd87+17]
	ntdll!RtlUserThreadStart [0x7ffa732ccaec+2c]

[2026-09-29 19:57:28] [ERROR] [Selenium] Error en registro #45: Message: element click intercepted: Element is not clickable at point (57, 491)
  (Session info: chrome=153.0.8010.53); For documentation on this error, please visit: https://www.selenium.dev/documentation/webdriver/troubleshooting/errors#elementclickinterceptedexception
Stacktrace:
	chromedriver!GetHandleVerifier [0x7ff658921035+5a95]
	chromedriver!(No symbol) [0x7ff658842c70]
	chromedriver!(No symbol) [0x7ff658664a7d]
	chromedriver!(No symbol) [0x7ff6586c7d73]
	chromedriver!(No symbol) [0x7ff6586c597a]
	chromedriver!(No symbol) [0x7ff6586c2cb7]
	chromedriver!(No symbol) [0x7ff6586c1b70]
	chromedriver!(No symbol) [0x7ff6586b3b18]
	chromedriver!(No symbol) [0x7ff6586e93ea]
	chromedriver!(No symbol) [0x7ff6586b3396]
	chromedriver!(No symbol) [0x7ff65870fbea]
	chromedriver!(No symbol) [0x7ff6586b1d02]
	chromedriver!(No symbol) [0x7ff6586b2b13]
	chromedriver!GetHandleVerifier [0x7ff658d41411+425e71]
	chromedriver!GetHandleVerifier [0x7ff658d6ca47+4514a7]
	chromedriver!GetHandleVerifier [0x7ff658d6094e+4453ae]
	chromedriver!GetHandleVerifier [0x7ff658a1bf6e+1009ce]
	chromedriver!(No symbol) [0x7ff658850a05]
	chromedriver!(No symbol) [0x7ff65884bcf4]
	chromedriver!(No symbol) [0x7ff65884be84]
	chromedriver!(No symbol) [0x7ff6588366ac]
	KERNEL32!BaseThreadInitThunk [0x7ffa7265cd87+17]
	ntdll!RtlUserThreadStart [0x7ffa732ccaec+2c]

[2026-09-29 19:57:29] [ERROR] [Selenium] Error en registro #46: Message: element click intercepted: Element is not clickable at point (57, 491)
  (Session info: chrome=153.0.8010.53); For documentation on this error, please visit: https://www.selenium.dev/documentation/webdriver/troubleshooting/errors#elementclickinterceptedexception
Stacktrace:
	chromedriver!GetHandleVerifier [0x7ff658921035+5a95]
	chromedriver!(No symbol) [0x7ff658842c70]
	chromedriver!(No symbol) [0x7ff658664a7d]
	chromedriver!(No symbol) [0x7ff6586c7d73]
	chromedriver!(No symbol) [0x7ff6586c597a]
	chromedriver!(No symbol) [0x7ff6586c2cb7]
	chromedriver!(No symbol) [0x7ff6586c1b70]
	chromedriver!(No symbol) [0x7ff6586b3b18]
	chromedriver!(No symbol) [0x7ff6586e93ea]
	chromedriver!(No symbol) [0x7ff6586b3396]
	chromedriver!(No symbol) [0x7ff65870fbea]
	chromedriver!(No symbol) [0x7ff6586b1d02]
	chromedriver!(No symbol) [0x7ff6586b2b13]
	chromedriver!GetHandleVerifier [0x7ff658d41411+425e71]
	chromedriver!GetHandleVerifier [0x7ff658d6ca47+4514a7]
	chromedriver!GetHandleVerifier [0x7ff658d6094e+4453ae]
	chromedriver!GetHandleVerifier [0x7ff658a1bf6e+1009ce]
	chromedriver!(No symbol) [0x7ff658850a05]
	chromedriver!(No symbol) [0x7ff65884bcf4]
	chromedriver!(No symbol) [0x7ff65884be84]
	chromedriver!(No symbol) [0x7ff6588366ac]
	KERNEL32!BaseThreadInitThunk [0x7ffa7265cd87+17]
	ntdll!RtlUserThreadStart [0x7ffa732ccaec+2c]

[2026-09-29 19:57:30] [ERROR] [Selenium] Error en registro #47: Message: element click intercepted: Element is not clickable at point (57, 489)
  (Session info: chrome=153.0.8010.53); For documentation on this error, please visit: https://www.selenium.dev/documentation/webdriver/troubleshooting/errors#elementclickinterceptedexception
Stacktrace:
	chromedriver!GetHandleVerifier [0x7ff658921035+5a95]
	chromedriver!(No symbol) [0x7ff658842c70]
	chromedriver!(No symbol) [0x7ff658664a7d]
	chromedriver!(No symbol) [0x7ff6586c7d73]
	chromedriver!(No symbol) [0x7ff6586c597a]
	chromedriver!(No symbol) [0x7ff6586c2cb7]
	chromedriver!(No symbol) [0x7ff6586c1b70]
	chromedriver!(No symbol) [0x7ff6586b3b18]
	chromedriver!(No symbol) [0x7ff6586e93ea]
	chromedriver!(No symbol) [0x7ff6586b3396]
	chromedriver!(No symbol) [0x7ff65870fbea]
	chromedriver!(No symbol) [0x7ff6586b1d02]
	chromedriver!(No symbol) [0x7ff6586b2b13]
	chromedriver!GetHandleVerifier [0x7ff658d41411+425e71]
	chromedriver!GetHandleVerifier [0x7ff658d6ca47+4514a7]
	chromedriver!GetHandleVerifier [0x7ff658d6094e+4453ae]
	chromedriver!GetHandleVerifier [0x7ff658a1bf6e+1009ce]
	chromedriver!(No symbol) [0x7ff658850a05]
	chromedriver!(No symbol) [0x7ff65884bcf4]
	chromedriver!(No symbol) [0x7ff65884be84]
	chromedriver!(No symbol) [0x7ff6588366ac]
	KERNEL32!BaseThreadInitThunk [0x7ffa7265cd87+17]
	ntdll!RtlUserThreadStart [0x7ffa732ccaec+2c]

[2026-09-29 19:57:32] [ERROR] [Selenium] Error en registro #48: Message: element click intercepted: Element is not clickable at point (57, 491)
  (Session info: chrome=153.0.8010.53); For documentation on this error, please visit: https://www.selenium.dev/documentation/webdriver/troubleshooting/errors#elementclickinterceptedexception
Stacktrace:
	chromedriver!GetHandleVerifier [0x7ff658921035+5a95]
	chromedriver!(No symbol) [0x7ff658842c70]
	chromedriver!(No symbol) [0x7ff658664a7d]
	chromedriver!(No symbol) [0x7ff6586c7d73]
	chromedriver!(No symbol) [0x7ff6586c597a]
	chromedriver!(No symbol) [0x7ff6586c2cb7]
	chromedriver!(No symbol) [0x7ff6586c1b70]
	chromedriver!(No symbol) [0x7ff6586b3b18]
	chromedriver!(No symbol) [0x7ff6586e93ea]
	chromedriver!(No symbol) [0x7ff6586b3396]
	chromedriver!(No symbol) [0x7ff65870fbea]
	chromedriver!(No symbol) [0x7ff6586b1d02]
	chromedriver!(No symbol) [0x7ff6586b2b13]
	chromedriver!GetHandleVerifier [0x7ff658d41411+425e71]
	chromedriver!GetHandleVerifier [0x7ff658d6ca47+4514a7]
	chromedriver!GetHandleVerifier [0x7ff658d6094e+4453ae]
	chromedriver!GetHandleVerifier [0x7ff658a1bf6e+1009ce]
	chromedriver!(No symbol) [0x7ff658850a05]
	chromedriver!(No symbol) [0x7ff65884bcf4]
	chromedriver!(No symbol) [0x7ff65884be84]
	chromedriver!(No symbol) [0x7ff6588366ac]
	KERNEL32!BaseThreadInitThunk [0x7ffa7265cd87+17]
	ntdll!RtlUserThreadStart [0x7ffa732ccaec+2c]

[2026-09-29 19:57:33] [ERROR] [Selenium] Error en registro #49: Message: element click intercepted: Element is not clickable at point (57, 491)
  (Session info: chrome=153.0.8010.53); For documentation on this error, please visit: https://www.selenium.dev/documentation/webdriver/troubleshooting/errors#elementclickinterceptedexception
Stacktrace:
	chromedriver!GetHandleVerifier [0x7ff658921035+5a95]
	chromedriver!(No symbol) [0x7ff658842c70]
	chromedriver!(No symbol) [0x7ff658664a7d]
	chromedriver!(No symbol) [0x7ff6586c7d73]
	chromedriver!(No symbol) [0x7ff6586c597a]
	chromedriver!(No symbol) [0x7ff6586c2cb7]
	chromedriver!(No symbol) [0x7ff6586c1b70]
	chromedriver!(No symbol) [0x7ff6586b3b18]
	chromedriver!(No symbol) [0x7ff6586e93ea]
	chromedriver!(No symbol) [0x7ff6586b3396]
	chromedriver!(No symbol) [0x7ff65870fbea]
	chromedriver!(No symbol) [0x7ff6586b1d02]
	chromedriver!(No symbol) [0x7ff6586b2b13]
	chromedriver!GetHandleVerifier [0x7ff658d41411+425e71]
	chromedriver!GetHandleVerifier [0x7ff658d6ca47+4514a7]
	chromedriver!GetHandleVerifier [0x7ff658d6094e+4453ae]
	chromedriver!GetHandleVerifier [0x7ff658a1bf6e+1009ce]
	chromedriver!(No symbol) [0x7ff658850a05]
	chromedriver!(No symbol) [0x7ff65884bcf4]
	chromedriver!(No symbol) [0x7ff65884be84]
	chromedriver!(No symbol) [0x7ff6588366ac]
	KERNEL32!BaseThreadInitThunk [0x7ffa7265cd87+17]
	ntdll!RtlUserThreadStart [0x7ffa732ccaec+2c]

[2026-09-29 19:57:34] [ERROR] [Selenium] Error en registro #50: Message: element click intercepted: Element is not clickable at point (57, 491)
  (Session info: chrome=153.0.8010.53); For documentation on this error, please visit: https://www.selenium.dev/documentation/webdriver/troubleshooting/errors#elementclickinterceptedexception
Stacktrace:
	chromedriver!GetHandleVerifier [0x7ff658921035+5a95]
	chromedriver!(No symbol) [0x7ff658842c70]
	chromedriver!(No symbol) [0x7ff658664a7d]
	chromedriver!(No symbol) [0x7ff6586c7d73]
	chromedriver!(No symbol) [0x7ff6586c597a]
	chromedriver!(No symbol) [0x7ff6586c2cb7]
	chromedriver!(No symbol) [0x7ff6586c1b70]
	chromedriver!(No symbol) [0x7ff6586b3b18]
	chromedriver!(No symbol) [0x7ff6586e93ea]
	chromedriver!(No symbol) [0x7ff6586b3396]
	chromedriver!(No symbol) [0x7ff65870fbea]
	chromedriver!(No symbol) [0x7ff6586b1d02]
	chromedriver!(No symbol) [0x7ff6586b2b13]
	chromedriver!GetHandleVerifier [0x7ff658d41411+425e71]
	chromedriver!GetHandleVerifier [0x7ff658d6ca47+4514a7]
	chromedriver!GetHandleVerifier [0x7ff658d6094e+4453ae]
	chromedriver!GetHandleVerifier [0x7ff658a1bf6e+1009ce]
	chromedriver!(No symbol) [0x7ff658850a05]
	chromedriver!(No symbol) [0x7ff65884bcf4]
	chromedriver!(No symbol) [0x7ff65884be84]
	chromedriver!(No symbol) [0x7ff6588366ac]
	KERNEL32!BaseThreadInitThunk [0x7ffa7265cd87+17]
	ntdll!RtlUserThreadStart [0x7ffa732ccaec+2c]

[2026-09-29 19:57:35] [ERROR] [Selenium] Error en registro #51: Message: element click intercepted: Element is not clickable at point (57, 491)
  (Session info: chrome=153.0.8010.53); For documentation on this error, please visit: https://www.selenium.dev/documentation/webdriver/troubleshooting/errors#elementclickinterceptedexception
Stacktrace:
	chromedriver!GetHandleVerifier [0x7ff658921035+5a95]
	chromedriver!(No symbol) [0x7ff658842c70]
	chromedriver!(No symbol) [0x7ff658664a7d]
	chromedriver!(No symbol) [0x7ff6586c7d73]
	chromedriver!(No symbol) [0x7ff6586c597a]
	chromedriver!(No symbol) [0x7ff6586c2cb7]
	chromedriver!(No symbol) [0x7ff6586c1b70]
	chromedriver!(No symbol) [0x7ff6586b3b18]
	chromedriver!(No symbol) [0x7ff6586e93ea]
	chromedriver!(No symbol) [0x7ff6586b3396]
	chromedriver!(No symbol) [0x7ff65870fbea]
	chromedriver!(No symbol) [0x7ff6586b1d02]
	chromedriver!(No symbol) [0x7ff6586b2b13]
	chromedriver!GetHandleVerifier [0x7ff658d41411+425e71]
	chromedriver!GetHandleVerifier [0x7ff658d6ca47+4514a7]
	chromedriver!GetHandleVerifier [0x7ff658d6094e+4453ae]
	chromedriver!GetHandleVerifier [0x7ff658a1bf6e+1009ce]
	chromedriver!(No symbol) [0x7ff658850a05]
	chromedriver!(No symbol) [0x7ff65884bcf4]
	chromedriver!(No symbol) [0x7ff65884be84]
	chromedriver!(No symbol) [0x7ff6588366ac]
	KERNEL32!BaseThreadInitThunk [0x7ffa7265cd87+17]
	ntdll!RtlUserThreadStart [0x7ffa732ccaec+2c]

[2026-09-29 19:57:37] [ERROR] [Selenium] Error en registro #52: Message: element click intercepted: Element is not clickable at point (57, 491)
  (Session info: chrome=153.0.8010.53); For documentation on this error, please visit: https://www.selenium.dev/documentation/webdriver/troubleshooting/errors#elementclickinterceptedexception
Stacktrace:
	chromedriver!GetHandleVerifier [0x7ff658921035+5a95]
	chromedriver!(No symbol) [0x7ff658842c70]
	chromedriver!(No symbol) [0x7ff658664a7d]
	chromedriver!(No symbol) [0x7ff6586c7d73]
	chromedriver!(No symbol) [0x7ff6586c597a]
	chromedriver!(No symbol) [0x7ff6586c2cb7]
	chromedriver!(No symbol) [0x7ff6586c1b70]
	chromedriver!(No symbol) [0x7ff6586b3b18]
	chromedriver!(No symbol) [0x7ff6586e93ea]
	chromedriver!(No symbol) [0x7ff6586b3396]
	chromedriver!(No symbol) [0x7ff65870fbea]
	chromedriver!(No symbol) [0x7ff6586b1d02]
	chromedriver!(No symbol) [0x7ff6586b2b13]
	chromedriver!GetHandleVerifier [0x7ff658d41411+425e71]
	chromedriver!GetHandleVerifier [0x7ff658d6ca47+4514a7]
	chromedriver!GetHandleVerifier [0x7ff658d6094e+4453ae]
	chromedriver!GetHandleVerifier [0x7ff658a1bf6e+1009ce]
	chromedriver!(No symbol) [0x7ff658850a05]
	chromedriver!(No symbol) [0x7ff65884bcf4]
	chromedriver!(No symbol) [0x7ff65884be84]
	chromedriver!(No symbol) [0x7ff6588366ac]
	KERNEL32!BaseThreadInitThunk [0x7ffa7265cd87+17]
	ntdll!RtlUserThreadStart [0x7ffa732ccaec+2c]

[2026-09-29 19:57:38] [ERROR] [Selenium] Error en registro #53: Message: element click intercepted: Element is not clickable at point (57, 491)
  (Session info: chrome=153.0.8010.53); For documentation on this error, please visit: https://www.selenium.dev/documentation/webdriver/troubleshooting/errors#elementclickinterceptedexception
Stacktrace:
	chromedriver!GetHandleVerifier [0x7ff658921035+5a95]
	chromedriver!(No symbol) [0x7ff658842c70]
	chromedriver!(No symbol) [0x7ff658664a7d]
	chromedriver!(No symbol) [0x7ff6586c7d73]
	chromedriver!(No symbol) [0x7ff6586c597a]
	chromedriver!(No symbol) [0x7ff6586c2cb7]
	chromedriver!(No symbol) [0x7ff6586c1b70]
	chromedriver!(No symbol) [0x7ff6586b3b18]
	chromedriver!(No symbol) [0x7ff6586e93ea]
	chromedriver!(No symbol) [0x7ff6586b3396]
	chromedriver!(No symbol) [0x7ff65870fbea]
	chromedriver!(No symbol) [0x7ff6586b1d02]
	chromedriver!(No symbol) [0x7ff6586b2b13]
	chromedriver!GetHandleVerifier [0x7ff658d41411+425e71]
	chromedriver!GetHandleVerifier [0x7ff658d6ca47+4514a7]
	chromedriver!GetHandleVerifier [0x7ff658d6094e+4453ae]
	chromedriver!GetHandleVerifier [0x7ff658a1bf6e+1009ce]
	chromedriver!(No symbol) [0x7ff658850a05]
	chromedriver!(No symbol) [0x7ff65884bcf4]
	chromedriver!(No symbol) [0x7ff65884be84]
	chromedriver!(No symbol) [0x7ff6588366ac]
	KERNEL32!BaseThreadInitThunk [0x7ffa7265cd87+17]
	ntdll!RtlUserThreadStart [0x7ffa732ccaec+2c]

[2026-09-29 19:57:39] [ERROR] [Selenium] Error en registro #54: Message: element click intercepted: Element is not clickable at point (57, 489)
  (Session info: chrome=153.0.8010.53); For documentation on this error, please visit: https://www.selenium.dev/documentation/webdriver/troubleshooting/errors#elementclickinterceptedexception
Stacktrace:
	chromedriver!GetHandleVerifier [0x7ff658921035+5a95]
	chromedriver!(No symbol) [0x7ff658842c70]
	chromedriver!(No symbol) [0x7ff658664a7d]
	chromedriver!(No symbol) [0x7ff6586c7d73]
	chromedriver!(No symbol) [0x7ff6586c597a]
	chromedriver!(No symbol) [0x7ff6586c2cb7]
	chromedriver!(No symbol) [0x7ff6586c1b70]
	chromedriver!(No symbol) [0x7ff6586b3b18]
	chromedriver!(No symbol) [0x7ff6586e93ea]
	chromedriver!(No symbol) [0x7ff6586b3396]
	chromedriver!(No symbol) [0x7ff65870fbea]
	chromedriver!(No symbol) [0x7ff6586b1d02]
	chromedriver!(No symbol) [0x7ff6586b2b13]
	chromedriver!GetHandleVerifier [0x7ff658d41411+425e71]
	chromedriver!GetHandleVerifier [0x7ff658d6ca47+4514a7]
	chromedriver!GetHandleVerifier [0x7ff658d6094e+4453ae]
	chromedriver!GetHandleVerifier [0x7ff658a1bf6e+1009ce]
	chromedriver!(No symbol) [0x7ff658850a05]
	chromedriver!(No symbol) [0x7ff65884bcf4]
	chromedriver!(No symbol) [0x7ff65884be84]
	chromedriver!(No symbol) [0x7ff6588366ac]
	KERNEL32!BaseThreadInitThunk [0x7ffa7265cd87+17]
	ntdll!RtlUserThreadStart [0x7ffa732ccaec+2c]

[2026-09-29 19:57:40] [ERROR] [Selenium] Error en registro #55: Message: element click intercepted: Element is not clickable at point (57, 491)
  (Session info: chrome=153.0.8010.53); For documentation on this error, please visit: https://www.selenium.dev/documentation/webdriver/troubleshooting/errors#elementclickinterceptedexception
Stacktrace:
	chromedriver!GetHandleVerifier [0x7ff658921035+5a95]
	chromedriver!(No symbol) [0x7ff658842c70]
	chromedriver!(No symbol) [0x7ff658664a7d]
	chromedriver!(No symbol) [0x7ff6586c7d73]
	chromedriver!(No symbol) [0x7ff6586c597a]
	chromedriver!(No symbol) [0x7ff6586c2cb7]
	chromedriver!(No symbol) [0x7ff6586c1b70]
	chromedriver!(No symbol) [0x7ff6586b3b18]
	chromedriver!(No symbol) [0x7ff6586e93ea]
	chromedriver!(No symbol) [0x7ff6586b3396]
	chromedriver!(No symbol) [0x7ff65870fbea]
	chromedriver!(No symbol) [0x7ff6586b1d02]
	chromedriver!(No symbol) [0x7ff6586b2b13]
	chromedriver!GetHandleVerifier [0x7ff658d41411+425e71]
	chromedriver!GetHandleVerifier [0x7ff658d6ca47+4514a7]
	chromedriver!GetHandleVerifier [0x7ff658d6094e+4453ae]
	chromedriver!GetHandleVerifier [0x7ff658a1bf6e+1009ce]
	chromedriver!(No symbol) [0x7ff658850a05]
	chromedriver!(No symbol) [0x7ff65884bcf4]
	chromedriver!(No symbol) [0x7ff65884be84]
	chromedriver!(No symbol) [0x7ff6588366ac]
	KERNEL32!BaseThreadInitThunk [0x7ffa7265cd87+17]
	ntdll!RtlUserThreadStart [0x7ffa732ccaec+2c]

[2026-09-29 19:57:42] [ERROR] [Selenium] Error en registro #56: Message: element click intercepted: Element is not clickable at point (57, 491)
  (Session info: chrome=153.0.8010.53); For documentation on this error, please visit: https://www.selenium.dev/documentation/webdriver/troubleshooting/errors#elementclickinterceptedexception
Stacktrace:
	chromedriver!GetHandleVerifier [0x7ff658921035+5a95]
	chromedriver!(No symbol) [0x7ff658842c70]
	chromedriver!(No symbol) [0x7ff658664a7d]
	chromedriver!(No symbol) [0x7ff6586c7d73]
	chromedriver!(No symbol) [0x7ff6586c597a]
	chromedriver!(No symbol) [0x7ff6586c2cb7]
	chromedriver!(No symbol) [0x7ff6586c1b70]
	chromedriver!(No symbol) [0x7ff6586b3b18]
	chromedriver!(No symbol) [0x7ff6586e93ea]
	chromedriver!(No symbol) [0x7ff6586b3396]
	chromedriver!(No symbol) [0x7ff65870fbea]
	chromedriver!(No symbol) [0x7ff6586b1d02]
	chromedriver!(No symbol) [0x7ff6586b2b13]
	chromedriver!GetHandleVerifier [0x7ff658d41411+425e71]
	chromedriver!GetHandleVerifier [0x7ff658d6ca47+4514a7]
	chromedriver!GetHandleVerifier [0x7ff658d6094e+4453ae]
	chromedriver!GetHandleVerifier [0x7ff658a1bf6e+1009ce]
	chromedriver!(No symbol) [0x7ff658850a05]
	chromedriver!(No symbol) [0x7ff65884bcf4]
	chromedriver!(No symbol) [0x7ff65884be84]
	chromedriver!(No symbol) [0x7ff6588366ac]
	KERNEL32!BaseThreadInitThunk [0x7ffa7265cd87+17]
	ntdll!RtlUserThreadStart [0x7ffa732ccaec+2c]

[2026-09-29 19:57:43] [ERROR] [Selenium] Error en registro #57: Message: element click intercepted: Element is not clickable at point (57, 491)
  (Session info: chrome=153.0.8010.53); For documentation on this error, please visit: https://www.selenium.dev/documentation/webdriver/troubleshooting/errors#elementclickinterceptedexception
Stacktrace:
	chromedriver!GetHandleVerifier [0x7ff658921035+5a95]
	chromedriver!(No symbol) [0x7ff658842c70]
	chromedriver!(No symbol) [0x7ff658664a7d]
	chromedriver!(No symbol) [0x7ff6586c7d73]
	chromedriver!(No symbol) [0x7ff6586c597a]
	chromedriver!(No symbol) [0x7ff6586c2cb7]
	chromedriver!(No symbol) [0x7ff6586c1b70]
	chromedriver!(No symbol) [0x7ff6586b3b18]
	chromedriver!(No symbol) [0x7ff6586e93ea]
	chromedriver!(No symbol) [0x7ff6586b3396]
	chromedriver!(No symbol) [0x7ff65870fbea]
	chromedriver!(No symbol) [0x7ff6586b1d02]
	chromedriver!(No symbol) [0x7ff6586b2b13]
	chromedriver!GetHandleVerifier [0x7ff658d41411+425e71]
	chromedriver!GetHandleVerifier [0x7ff658d6ca47+4514a7]
	chromedriver!GetHandleVerifier [0x7ff658d6094e+4453ae]
	chromedriver!GetHandleVerifier [0x7ff658a1bf6e+1009ce]
	chromedriver!(No symbol) [0x7ff658850a05]
	chromedriver!(No symbol) [0x7ff65884bcf4]
	chromedriver!(No symbol) [0x7ff65884be84]
	chromedriver!(No symbol) [0x7ff6588366ac]
	KERNEL32!BaseThreadInitThunk [0x7ffa7265cd87+17]
	ntdll!RtlUserThreadStart [0x7ffa732ccaec+2c]

[2026-09-29 19:58:18] [INFO] =========================================
[2026-09-29 19:58:18] [INFO]   INICIANDO WORKFLOW HÍBRIDO DE RPA     
[2026-09-29 19:58:18] [INFO] =========================================
[2026-09-29 19:58:18] [INFO] [Playwright] Iniciando extracción masiva de 50 páginas desde: https://books.toscrape.com/
[2026-09-29 19:58:20] [INFO] [Playwright] Pág. 1: 20 libros encontrados.
[2026-09-29 19:58:21] [INFO] [Playwright] Pág. 2: 20 libros encontrados.
[2026-09-29 19:58:21] [INFO] [Playwright] Pág. 3: 20 libros encontrados.
[2026-09-29 19:58:22] [INFO] [Playwright] Pág. 4: 20 libros encontrados.
[2026-09-29 19:58:22] [INFO] [Playwright] Pág. 5: 20 libros encontrados.
[2026-09-29 19:58:23] [INFO] [Playwright] Pág. 6: 20 libros encontrados.
[2026-09-29 19:58:23] [INFO] [Playwright] Pág. 7: 20 libros encontrados.
[2026-09-29 19:58:24] [INFO] [Playwright] Pág. 8: 20 libros encontrados.
[2026-09-29 19:58:24] [INFO] [Playwright] Pág. 9: 20 libros encontrados.
[2026-09-29 19:58:25] [INFO] [Playwright] Pág. 10: 20 libros encontrados.
[2026-09-29 19:58:26] [INFO] [Playwright] Pág. 11: 20 libros encontrados.
[2026-09-29 19:58:26] [INFO] [Playwright] Pág. 12: 20 libros encontrados.
[2026-09-29 19:58:27] [INFO] [Playwright] Pág. 13: 20 libros encontrados.
[2026-09-29 19:58:27] [INFO] [Playwright] Pág. 14: 20 libros encontrados.
[2026-09-29 19:58:28] [INFO] [Playwright] Pág. 15: 20 libros encontrados.
[2026-09-29 19:58:28] [INFO] [Playwright] Pág. 16: 20 libros encontrados.
[2026-09-29 19:58:29] [INFO] [Playwright] Pág. 17: 20 libros encontrados.
[2026-09-29 19:58:29] [INFO] [Playwright] Pág. 18: 20 libros encontrados.
[2026-09-29 19:58:30] [INFO] [Playwright] Pág. 19: 20 libros encontrados.
[2026-09-29 19:58:31] [INFO] [Playwright] Pág. 20: 20 libros encontrados.
[2026-09-29 19:58:31] [INFO] [Playwright] Pág. 21: 20 libros encontrados.
[2026-09-29 19:58:32] [INFO] [Playwright] Pág. 22: 20 libros encontrados.
[2026-09-29 19:58:32] [INFO] [Playwright] Pág. 23: 20 libros encontrados.
[2026-09-29 19:58:33] [INFO] [Playwright] Pág. 24: 20 libros encontrados.
[2026-09-29 19:58:33] [INFO] [Playwright] Pág. 25: 20 libros encontrados.
[2026-09-29 19:58:34] [INFO] [Playwright] Pág. 26: 20 libros encontrados.
[2026-09-29 19:58:34] [INFO] [Playwright] Pág. 27: 20 libros encontrados.
[2026-09-29 19:58:35] [INFO] [Playwright] Pág. 28: 20 libros encontrados.
[2026-09-29 19:58:36] [INFO] [Playwright] Pág. 29: 20 libros encontrados.
[2026-09-29 19:58:36] [INFO] [Playwright] Pág. 30: 20 libros encontrados.
[2026-09-29 19:58:37] [INFO] [Playwright] Pág. 31: 20 libros encontrados.
[2026-09-29 19:58:37] [INFO] [Playwright] Pág. 32: 20 libros encontrados.
[2026-09-29 19:58:38] [INFO] [Playwright] Pág. 33: 20 libros encontrados.
[2026-09-29 19:58:38] [INFO] [Playwright] Pág. 34: 20 libros encontrados.
[2026-09-29 19:58:39] [INFO] [Playwright] Pág. 35: 20 libros encontrados.
[2026-09-29 19:58:39] [INFO] [Playwright] Pág. 36: 20 libros encontrados.
[2026-09-29 19:58:40] [INFO] [Playwright] Pág. 37: 20 libros encontrados.
[2026-09-29 19:58:41] [INFO] [Playwright] Pág. 38: 20 libros encontrados.
[2026-09-29 19:58:41] [INFO] [Playwright] Pág. 39: 20 libros encontrados.
[2026-09-29 19:58:42] [INFO] [Playwright] Pág. 40: 20 libros encontrados.
[2026-09-29 19:58:42] [INFO] [Playwright] Pág. 41: 20 libros encontrados.
[2026-09-29 19:58:43] [INFO] [Playwright] Pág. 42: 20 libros encontrados.
[2026-09-29 19:58:43] [INFO] [Playwright] Pág. 43: 20 libros encontrados.
[2026-09-29 19:58:44] [INFO] [Playwright] Pág. 44: 20 libros encontrados.
[2026-09-29 19:58:44] [INFO] [Playwright] Pág. 45: 20 libros encontrados.
[2026-09-29 19:58:45] [INFO] [Playwright] Pág. 46: 20 libros encontrados.
[2026-09-29 19:58:45] [INFO] [Playwright] Pág. 47: 20 libros encontrados.
[2026-09-29 19:58:46] [INFO] [Playwright] Pág. 48: 20 libros encontrados.
[2026-09-29 19:58:47] [INFO] [Playwright] Pág. 49: 20 libros encontrados.
[2026-09-29 19:58:47] [INFO] [Playwright] Pág. 50: 20 libros encontrados.
[2026-09-29 19:58:47] [INFO] [Playwright] Se alcanzó la última página del catálogo.
[2026-09-29 19:58:49] [INFO] [Playwright] Extracción masiva completada exitosamente.
[2026-09-29 19:58:49] [INFO] [Playwright] Total de libros procesados: 1000 en 50 páginas.
[2026-09-29 19:58:49] [INFO] [Playwright] Archivo final guardado en 'data/extracted_data.csv'.
[2026-09-29 19:58:49] [INFO] [Selenium] MODO PRODUCCIÓN: Procesando los 1000 registros completos.
[2026-09-29 19:58:51] [INFO] [Selenium] Navegando al portal de destino.
[2026-09-29 19:59:03] [INFO] [Selenium] Progreso: 50/1000 registros enviados.
[2026-09-29 19:59:14] [INFO] [Selenium] Progreso: 100/1000 registros enviados.
[2026-09-29 20:00:10] [INFO] =========================================
[2026-09-29 20:00:10] [INFO]   INICIANDO WORKFLOW HÍBRIDO DE RPA     
[2026-09-29 20:00:10] [INFO] =========================================
[2026-09-29 20:00:10] [INFO] [Playwright] Iniciando extracción masiva de 50 páginas desde: https://books.toscrape.com/
[2026-09-29 20:00:12] [INFO] [Playwright] Pág. 1: 20 libros encontrados.
[2026-09-29 20:00:12] [INFO] [Playwright] Pág. 2: 20 libros encontrados.
[2026-09-29 20:00:13] [INFO] [Playwright] Pág. 3: 20 libros encontrados.
[2026-09-29 20:00:14] [INFO] [Playwright] Pág. 4: 20 libros encontrados.
[2026-09-29 20:00:14] [INFO] [Playwright] Pág. 5: 20 libros encontrados.
[2026-09-29 20:00:15] [INFO] [Playwright] Pág. 6: 20 libros encontrados.
[2026-09-29 20:00:15] [INFO] [Playwright] Pág. 7: 20 libros encontrados.
[2026-09-29 20:00:16] [INFO] [Playwright] Pág. 8: 20 libros encontrados.
[2026-09-29 20:00:16] [INFO] [Playwright] Pág. 9: 20 libros encontrados.
[2026-09-29 20:00:17] [INFO] [Playwright] Pág. 10: 20 libros encontrados.
[2026-09-29 20:00:18] [INFO] [Playwright] Pág. 11: 20 libros encontrados.
[2026-09-29 20:00:18] [INFO] [Playwright] Pág. 12: 20 libros encontrados.
[2026-09-29 20:00:19] [INFO] [Playwright] Pág. 13: 20 libros encontrados.
[2026-09-29 20:00:19] [INFO] [Playwright] Pág. 14: 20 libros encontrados.
[2026-09-29 20:00:20] [INFO] [Playwright] Pág. 15: 20 libros encontrados.
[2026-09-29 20:00:21] [INFO] [Playwright] Pág. 16: 20 libros encontrados.
[2026-09-29 20:00:21] [INFO] [Playwright] Pág. 17: 20 libros encontrados.
[2026-09-29 20:00:22] [INFO] [Playwright] Pág. 18: 20 libros encontrados.
[2026-09-29 20:00:22] [INFO] [Playwright] Pág. 19: 20 libros encontrados.
[2026-09-29 20:00:23] [INFO] [Playwright] Pág. 20: 20 libros encontrados.
[2026-09-29 20:00:23] [INFO] [Playwright] Pág. 21: 20 libros encontrados.
[2026-09-29 20:00:24] [INFO] [Playwright] Pág. 22: 20 libros encontrados.
[2026-09-29 20:00:24] [INFO] [Playwright] Pág. 23: 20 libros encontrados.
[2026-09-29 20:00:25] [INFO] [Playwright] Pág. 24: 20 libros encontrados.
[2026-09-29 20:00:26] [INFO] [Playwright] Pág. 25: 20 libros encontrados.
[2026-09-29 20:00:26] [INFO] [Playwright] Pág. 26: 20 libros encontrados.
[2026-09-29 20:00:27] [INFO] [Playwright] Pág. 27: 20 libros encontrados.
[2026-09-29 20:00:27] [INFO] [Playwright] Pág. 28: 20 libros encontrados.
[2026-09-29 20:00:28] [INFO] [Playwright] Pág. 29: 20 libros encontrados.
[2026-09-29 20:00:28] [INFO] [Playwright] Pág. 30: 20 libros encontrados.
[2026-09-29 20:00:29] [INFO] [Playwright] Pág. 31: 20 libros encontrados.
[2026-09-29 20:00:29] [INFO] [Playwright] Pág. 32: 20 libros encontrados.
[2026-09-29 20:00:30] [INFO] [Playwright] Pág. 33: 20 libros encontrados.
[2026-09-29 20:00:30] [INFO] [Playwright] Pág. 34: 20 libros encontrados.
[2026-09-29 20:00:31] [INFO] [Playwright] Pág. 35: 20 libros encontrados.
[2026-09-29 20:00:32] [INFO] [Playwright] Pág. 36: 20 libros encontrados.
[2026-09-29 20:00:32] [INFO] [Playwright] Pág. 37: 20 libros encontrados.
[2026-09-29 20:00:33] [INFO] [Playwright] Pág. 38: 20 libros encontrados.
[2026-09-29 20:00:33] [INFO] [Playwright] Pág. 39: 20 libros encontrados.
[2026-09-29 20:00:34] [INFO] [Playwright] Pág. 40: 20 libros encontrados.
[2026-09-29 20:00:34] [INFO] [Playwright] Pág. 41: 20 libros encontrados.
[2026-09-29 20:00:35] [INFO] [Playwright] Pág. 42: 20 libros encontrados.
[2026-09-29 20:00:35] [INFO] [Playwright] Pág. 43: 20 libros encontrados.
[2026-09-29 20:00:36] [INFO] [Playwright] Pág. 44: 20 libros encontrados.
[2026-09-29 20:00:36] [INFO] [Playwright] Pág. 45: 20 libros encontrados.
[2026-09-29 20:00:37] [INFO] [Playwright] Pág. 46: 20 libros encontrados.
[2026-09-29 20:00:38] [INFO] [Playwright] Pág. 47: 20 libros encontrados.
[2026-09-29 20:00:38] [INFO] [Playwright] Pág. 48: 20 libros encontrados.
[2026-09-29 20:00:39] [INFO] [Playwright] Pág. 49: 20 libros encontrados.
[2026-09-29 20:00:39] [INFO] [Playwright] Pág. 50: 20 libros encontrados.
[2026-09-29 20:00:40] [INFO] [Playwright] Se alcanzó la última página del catálogo.
[2026-09-29 20:00:41] [INFO] [Playwright] Extracción masiva completada exitosamente.
[2026-09-29 20:00:41] [INFO] [Playwright] Total de libros procesados: 1000 en 50 páginas.
[2026-09-29 20:00:41] [INFO] [Playwright] Archivo final guardado en 'data/extracted_data.csv'.
[2026-09-29 20:00:41] [INFO] [Selenium] MODO PRUEBA: Procesando solo 20 de 1000 registros.
[2026-09-29 20:00:43] [INFO] [Selenium] Navegando al portal de destino.
[2026-09-29 20:00:44] [ERROR] [Selenium] Error en registro #1: Message: element click intercepted: Element is not clickable at point (57, 823)
  (Session info: chrome=153.0.8010.53); For documentation on this error, please visit: https://www.selenium.dev/documentation/webdriver/troubleshooting/errors#elementclickinterceptedexception
Stacktrace:
	chromedriver!GetHandleVerifier [0x7ff658921035+5a95]
	chromedriver!(No symbol) [0x7ff658842c70]
	chromedriver!(No symbol) [0x7ff658664a7d]
	chromedriver!(No symbol) [0x7ff6586c7d73]
	chromedriver!(No symbol) [0x7ff6586c597a]
	chromedriver!(No symbol) [0x7ff6586c2cb7]
	chromedriver!(No symbol) [0x7ff6586c1b70]
	chromedriver!(No symbol) [0x7ff6586b3b18]
	chromedriver!(No symbol) [0x7ff6586e93ea]
	chromedriver!(No symbol) [0x7ff6586b3396]
	chromedriver!(No symbol) [0x7ff65870fbea]
	chromedriver!(No symbol) [0x7ff6586b1d02]
	chromedriver!(No symbol) [0x7ff6586b2b13]
	chromedriver!GetHandleVerifier [0x7ff658d41411+425e71]
	chromedriver!GetHandleVerifier [0x7ff658d6ca47+4514a7]
	chromedriver!GetHandleVerifier [0x7ff658d6094e+4453ae]
	chromedriver!GetHandleVerifier [0x7ff658a1bf6e+1009ce]
	chromedriver!(No symbol) [0x7ff658850a05]
	chromedriver!(No symbol) [0x7ff65884bcf4]
	chromedriver!(No symbol) [0x7ff65884be84]
	chromedriver!(No symbol) [0x7ff6588366ac]
	KERNEL32!BaseThreadInitThunk [0x7ffa7265cd87+17]
	ntdll!RtlUserThreadStart [0x7ffa732ccaec+2c]

[2026-09-29 20:00:46] [ERROR] [Selenium] Error en registro #2: Message: element click intercepted: Element is not clickable at point (57, 798)
  (Session info: chrome=153.0.8010.53); For documentation on this error, please visit: https://www.selenium.dev/documentation/webdriver/troubleshooting/errors#elementclickinterceptedexception
Stacktrace:
	chromedriver!GetHandleVerifier [0x7ff658921035+5a95]
	chromedriver!(No symbol) [0x7ff658842c70]
	chromedriver!(No symbol) [0x7ff658664a7d]
	chromedriver!(No symbol) [0x7ff6586c7d73]
	chromedriver!(No symbol) [0x7ff6586c597a]
	chromedriver!(No symbol) [0x7ff6586c2cb7]
	chromedriver!(No symbol) [0x7ff6586c1b70]
	chromedriver!(No symbol) [0x7ff6586b3b18]
	chromedriver!(No symbol) [0x7ff6586e93ea]
	chromedriver!(No symbol) [0x7ff6586b3396]
	chromedriver!(No symbol) [0x7ff65870fbea]
	chromedriver!(No symbol) [0x7ff6586b1d02]
	chromedriver!(No symbol) [0x7ff6586b2b13]
	chromedriver!GetHandleVerifier [0x7ff658d41411+425e71]
	chromedriver!GetHandleVerifier [0x7ff658d6ca47+4514a7]
	chromedriver!GetHandleVerifier [0x7ff658d6094e+4453ae]
	chromedriver!GetHandleVerifier [0x7ff658a1bf6e+1009ce]
	chromedriver!(No symbol) [0x7ff658850a05]
	chromedriver!(No symbol) [0x7ff65884bcf4]
	chromedriver!(No symbol) [0x7ff65884be84]
	chromedriver!(No symbol) [0x7ff6588366ac]
	KERNEL32!BaseThreadInitThunk [0x7ffa7265cd87+17]
	ntdll!RtlUserThreadStart [0x7ffa732ccaec+2c]

[2026-09-29 20:00:47] [ERROR] [Selenium] Error en registro #3: Message: element click intercepted: Element is not clickable at point (57, 790)
  (Session info: chrome=153.0.8010.53); For documentation on this error, please visit: https://www.selenium.dev/documentation/webdriver/troubleshooting/errors#elementclickinterceptedexception
Stacktrace:
	chromedriver!GetHandleVerifier [0x7ff658921035+5a95]
	chromedriver!(No symbol) [0x7ff658842c70]
	chromedriver!(No symbol) [0x7ff658664a7d]
	chromedriver!(No symbol) [0x7ff6586c7d73]
	chromedriver!(No symbol) [0x7ff6586c597a]
	chromedriver!(No symbol) [0x7ff6586c2cb7]
	chromedriver!(No symbol) [0x7ff6586c1b70]
	chromedriver!(No symbol) [0x7ff6586b3b18]
	chromedriver!(No symbol) [0x7ff6586e93ea]
	chromedriver!(No symbol) [0x7ff6586b3396]
	chromedriver!(No symbol) [0x7ff65870fbea]
	chromedriver!(No symbol) [0x7ff6586b1d02]
	chromedriver!(No symbol) [0x7ff6586b2b13]
	chromedriver!GetHandleVerifier [0x7ff658d41411+425e71]
	chromedriver!GetHandleVerifier [0x7ff658d6ca47+4514a7]
	chromedriver!GetHandleVerifier [0x7ff658d6094e+4453ae]
	chromedriver!GetHandleVerifier [0x7ff658a1bf6e+1009ce]
	chromedriver!(No symbol) [0x7ff658850a05]
	chromedriver!(No symbol) [0x7ff65884bcf4]
	chromedriver!(No symbol) [0x7ff65884be84]
	chromedriver!(No symbol) [0x7ff6588366ac]
	KERNEL32!BaseThreadInitThunk [0x7ffa7265cd87+17]
	ntdll!RtlUserThreadStart [0x7ffa732ccaec+2c]

[2026-09-29 20:00:48] [ERROR] [Selenium] Error en registro #4: Message: element click intercepted: Element is not clickable at point (57, 785)
  (Session info: chrome=153.0.8010.53); For documentation on this error, please visit: https://www.selenium.dev/documentation/webdriver/troubleshooting/errors#elementclickinterceptedexception
Stacktrace:
	chromedriver!GetHandleVerifier [0x7ff658921035+5a95]
	chromedriver!(No symbol) [0x7ff658842c70]
	chromedriver!(No symbol) [0x7ff658664a7d]
	chromedriver!(No symbol) [0x7ff6586c7d73]
	chromedriver!(No symbol) [0x7ff6586c597a]
	chromedriver!(No symbol) [0x7ff6586c2cb7]
	chromedriver!(No symbol) [0x7ff6586c1b70]
	chromedriver!(No symbol) [0x7ff6586b3b18]
	chromedriver!(No symbol) [0x7ff6586e93ea]
	chromedriver!(No symbol) [0x7ff6586b3396]
	chromedriver!(No symbol) [0x7ff65870fbea]
	chromedriver!(No symbol) [0x7ff6586b1d02]
	chromedriver!(No symbol) [0x7ff6586b2b13]
	chromedriver!GetHandleVerifier [0x7ff658d41411+425e71]
	chromedriver!GetHandleVerifier [0x7ff658d6ca47+4514a7]
	chromedriver!GetHandleVerifier [0x7ff658d6094e+4453ae]
	chromedriver!GetHandleVerifier [0x7ff658a1bf6e+1009ce]
	chromedriver!(No symbol) [0x7ff658850a05]
	chromedriver!(No symbol) [0x7ff65884bcf4]
	chromedriver!(No symbol) [0x7ff65884be84]
	chromedriver!(No symbol) [0x7ff6588366ac]
	KERNEL32!BaseThreadInitThunk [0x7ffa7265cd87+17]
	ntdll!RtlUserThreadStart [0x7ffa732ccaec+2c]

[2026-09-29 20:00:49] [ERROR] [Selenium] Error en registro #5: Message: element click intercepted: Element is not clickable at point (57, 778)
  (Session info: chrome=153.0.8010.53); For documentation on this error, please visit: https://www.selenium.dev/documentation/webdriver/troubleshooting/errors#elementclickinterceptedexception
Stacktrace:
	chromedriver!GetHandleVerifier [0x7ff658921035+5a95]
	chromedriver!(No symbol) [0x7ff658842c70]
	chromedriver!(No symbol) [0x7ff658664a7d]
	chromedriver!(No symbol) [0x7ff6586c7d73]
	chromedriver!(No symbol) [0x7ff6586c597a]
	chromedriver!(No symbol) [0x7ff6586c2cb7]
	chromedriver!(No symbol) [0x7ff6586c1b70]
	chromedriver!(No symbol) [0x7ff6586b3b18]
	chromedriver!(No symbol) [0x7ff6586e93ea]
	chromedriver!(No symbol) [0x7ff6586b3396]
	chromedriver!(No symbol) [0x7ff65870fbea]
	chromedriver!(No symbol) [0x7ff6586b1d02]
	chromedriver!(No symbol) [0x7ff6586b2b13]
	chromedriver!GetHandleVerifier [0x7ff658d41411+425e71]
	chromedriver!GetHandleVerifier [0x7ff658d6ca47+4514a7]
	chromedriver!GetHandleVerifier [0x7ff658d6094e+4453ae]
	chromedriver!GetHandleVerifier [0x7ff658a1bf6e+1009ce]
	chromedriver!(No symbol) [0x7ff658850a05]
	chromedriver!(No symbol) [0x7ff65884bcf4]
	chromedriver!(No symbol) [0x7ff65884be84]
	chromedriver!(No symbol) [0x7ff6588366ac]
	KERNEL32!BaseThreadInitThunk [0x7ffa7265cd87+17]
	ntdll!RtlUserThreadStart [0x7ffa732ccaec+2c]

[2026-09-29 20:05:47] [INFO] =========================================
[2026-09-29 20:05:47] [INFO]   INICIANDO WORKFLOW HÍBRIDO DE RPA     
[2026-09-29 20:05:47] [INFO] =========================================
[2026-09-29 20:05:47] [INFO] [Playwright] Iniciando extracción masiva de 50 páginas desde: https://books.toscrape.com/
[2026-09-29 20:05:49] [INFO] [Playwright] Pág. 1: 20 libros encontrados.
[2026-09-29 20:05:49] [INFO] [Playwright] Pág. 2: 20 libros encontrados.
[2026-09-29 20:05:50] [INFO] [Playwright] Pág. 3: 20 libros encontrados.
[2026-09-29 20:05:51] [INFO] [Playwright] Pág. 4: 20 libros encontrados.
[2026-09-29 20:05:51] [INFO] [Playwright] Pág. 5: 20 libros encontrados.
[2026-09-29 20:05:52] [INFO] [Playwright] Pág. 6: 20 libros encontrados.
[2026-09-29 20:05:52] [INFO] [Playwright] Pág. 7: 20 libros encontrados.
[2026-09-29 20:05:53] [INFO] [Playwright] Pág. 8: 20 libros encontrados.
[2026-09-29 20:05:53] [INFO] [Playwright] Pág. 9: 20 libros encontrados.
[2026-09-29 20:05:54] [INFO] [Playwright] Pág. 10: 20 libros encontrados.
[2026-09-29 20:05:54] [INFO] [Playwright] Pág. 11: 20 libros encontrados.
[2026-09-29 20:05:55] [INFO] [Playwright] Pág. 12: 20 libros encontrados.
[2026-09-29 20:05:56] [INFO] [Playwright] Pág. 13: 20 libros encontrados.
[2026-09-29 20:05:56] [INFO] [Playwright] Pág. 14: 20 libros encontrados.
[2026-09-29 20:05:57] [INFO] [Playwright] Pág. 15: 20 libros encontrados.
[2026-09-29 20:05:57] [INFO] [Playwright] Pág. 16: 20 libros encontrados.
[2026-09-29 20:05:58] [INFO] [Playwright] Pág. 17: 20 libros encontrados.
[2026-09-29 20:05:58] [INFO] [Playwright] Pág. 18: 20 libros encontrados.
[2026-09-29 20:05:59] [INFO] [Playwright] Pág. 19: 20 libros encontrados.
[2026-09-29 20:05:59] [INFO] [Playwright] Pág. 20: 20 libros encontrados.
[2026-09-29 20:06:00] [INFO] [Playwright] Pág. 21: 20 libros encontrados.
[2026-09-29 20:06:01] [INFO] [Playwright] Pág. 22: 20 libros encontrados.
[2026-09-29 20:06:01] [INFO] [Playwright] Pág. 23: 20 libros encontrados.
[2026-09-29 20:06:02] [INFO] [Playwright] Pág. 24: 20 libros encontrados.
[2026-09-29 20:06:02] [INFO] [Playwright] Pág. 25: 20 libros encontrados.
[2026-09-29 20:06:03] [INFO] [Playwright] Pág. 26: 20 libros encontrados.
[2026-09-29 20:06:03] [INFO] [Playwright] Pág. 27: 20 libros encontrados.
[2026-09-29 20:06:04] [INFO] [Playwright] Pág. 28: 20 libros encontrados.
[2026-09-29 20:06:04] [INFO] [Playwright] Pág. 29: 20 libros encontrados.
[2026-09-29 20:06:05] [INFO] [Playwright] Pág. 30: 20 libros encontrados.
[2026-09-29 20:06:05] [INFO] [Playwright] Pág. 31: 20 libros encontrados.
[2026-09-29 20:06:06] [INFO] [Playwright] Pág. 32: 20 libros encontrados.
[2026-09-29 20:06:07] [INFO] [Playwright] Pág. 33: 20 libros encontrados.
[2026-09-29 20:06:07] [INFO] [Playwright] Pág. 34: 20 libros encontrados.
[2026-09-29 20:06:08] [INFO] [Playwright] Pág. 35: 20 libros encontrados.
[2026-09-29 20:06:08] [INFO] [Playwright] Pág. 36: 20 libros encontrados.
[2026-09-29 20:06:09] [INFO] [Playwright] Pág. 37: 20 libros encontrados.
[2026-09-29 20:06:09] [INFO] [Playwright] Pág. 38: 20 libros encontrados.
[2026-09-29 20:06:10] [INFO] [Playwright] Pág. 39: 20 libros encontrados.
[2026-09-29 20:06:10] [INFO] [Playwright] Pág. 40: 20 libros encontrados.
[2026-09-29 20:06:11] [INFO] [Playwright] Pág. 41: 20 libros encontrados.
[2026-09-29 20:06:11] [INFO] [Playwright] Pág. 42: 20 libros encontrados.
[2026-09-29 20:06:12] [INFO] [Playwright] Pág. 43: 20 libros encontrados.
[2026-09-29 20:06:13] [INFO] [Playwright] Pág. 44: 20 libros encontrados.
[2026-09-29 20:06:13] [INFO] [Playwright] Pág. 45: 20 libros encontrados.
[2026-09-29 20:06:14] [INFO] [Playwright] Pág. 46: 20 libros encontrados.
[2026-09-29 20:06:14] [INFO] [Playwright] Pág. 47: 20 libros encontrados.
[2026-09-29 20:06:15] [INFO] [Playwright] Pág. 48: 20 libros encontrados.
[2026-09-29 20:06:15] [INFO] [Playwright] Pág. 49: 20 libros encontrados.
[2026-09-29 20:06:16] [INFO] [Playwright] Pág. 50: 20 libros encontrados.
[2026-09-29 20:06:16] [INFO] [Playwright] Se alcanzó la última página del catálogo.
[2026-09-29 20:06:17] [INFO] [Playwright] Extracción masiva completada exitosamente.
[2026-09-29 20:06:17] [INFO] [Playwright] Total de libros procesados: 1000 en 50 páginas.
[2026-09-29 20:06:17] [INFO] [Playwright] Archivo final guardado en 'data/extracted_data.csv'.
[2026-09-29 20:06:17] [INFO] [Selenium] MODO PRUEBA: Procesando solo 100 de 1000 registros.
[2026-09-29 20:06:20] [INFO] [Selenium] Navegando al portal de destino.
[2026-09-29 20:06:38] [INFO] [Selenium] Progreso: 50/100 registros enviados.
[2026-09-29 20:06:56] [INFO] [Selenium] Progreso: 100/100 registros enviados.
[2026-09-29 20:06:56] [INFO] [Selenium] Carga finalizada. 100 registros procesados con éxito.
[2026-09-29 20:06:59] [INFO] [Selenium] Sesión finalizada.
[2026-09-29 20:06:59] [INFO] =========================================
[2026-09-29 20:06:59] [INFO]   WORKFLOW FINALIZADO CON ÉXITO         
[2026-09-29 20:06:59] [INFO] =========================================
[2026-09-29 21:38:50] [INFO] =========================================
[2026-09-29 21:38:51] [INFO]   INICIANDO WORKFLOW COMPLETO DE RPA     
[2026-09-29 21:38:51] [INFO] =========================================
[2026-09-29 21:38:51] [INFO] [Playwright] Iniciando extracción masiva de 50 páginas desde: https://books.toscrape.com/
[2026-09-29 21:38:59] [INFO] [Playwright] Pág. 1: 20 libros encontrados.
[2026-09-29 21:39:00] [INFO] [Playwright] Pág. 2: 20 libros encontrados.
[2026-09-29 21:39:01] [INFO] [Playwright] Pág. 3: 20 libros encontrados.
[2026-09-29 21:39:02] [INFO] [Playwright] Pág. 4: 20 libros encontrados.
[2026-09-29 21:39:02] [INFO] [Playwright] Pág. 5: 20 libros encontrados.
[2026-09-29 21:39:03] [INFO] [Playwright] Pág. 6: 20 libros encontrados.
[2026-09-29 21:39:04] [INFO] [Playwright] Pág. 7: 20 libros encontrados.
[2026-09-29 21:39:05] [INFO] [Playwright] Pág. 8: 20 libros encontrados.
[2026-09-29 21:39:06] [INFO] [Playwright] Pág. 9: 20 libros encontrados.
[2026-09-29 21:39:07] [INFO] [Playwright] Pág. 10: 20 libros encontrados.
[2026-09-29 21:39:08] [INFO] [Playwright] Pág. 11: 20 libros encontrados.
[2026-09-29 21:39:09] [INFO] [Playwright] Pág. 12: 20 libros encontrados.
[2026-09-29 21:39:10] [INFO] [Playwright] Pág. 13: 20 libros encontrados.
[2026-09-29 21:39:10] [INFO] [Playwright] Pág. 14: 20 libros encontrados.
[2026-09-29 21:39:11] [INFO] [Playwright] Pág. 15: 20 libros encontrados.
[2026-09-29 21:39:12] [INFO] [Playwright] Pág. 16: 20 libros encontrados.
[2026-09-29 21:39:13] [INFO] [Playwright] Pág. 17: 20 libros encontrados.
[2026-09-29 21:39:14] [INFO] [Playwright] Pág. 18: 20 libros encontrados.
[2026-09-29 21:39:15] [INFO] [Playwright] Pág. 19: 20 libros encontrados.
[2026-09-29 21:39:16] [INFO] [Playwright] Pág. 20: 20 libros encontrados.
[2026-09-29 21:39:16] [INFO] [Playwright] Pág. 21: 20 libros encontrados.
[2026-09-29 21:39:17] [INFO] [Playwright] Pág. 22: 20 libros encontrados.
[2026-09-29 21:39:18] [INFO] [Playwright] Pág. 23: 20 libros encontrados.
[2026-09-29 21:39:19] [INFO] [Playwright] Pág. 24: 20 libros encontrados.
[2026-09-29 21:39:20] [INFO] [Playwright] Pág. 25: 20 libros encontrados.
[2026-09-29 21:39:21] [INFO] [Playwright] Pág. 26: 20 libros encontrados.
[2026-09-29 21:39:22] [INFO] [Playwright] Pág. 27: 20 libros encontrados.
[2026-09-29 21:39:23] [INFO] [Playwright] Pág. 28: 20 libros encontrados.
[2026-09-29 21:39:23] [INFO] [Playwright] Pág. 29: 20 libros encontrados.
[2026-09-29 21:39:24] [INFO] [Playwright] Pág. 30: 20 libros encontrados.
[2026-09-29 21:39:25] [INFO] [Playwright] Pág. 31: 20 libros encontrados.
[2026-09-29 21:39:26] [INFO] [Playwright] Pág. 32: 20 libros encontrados.
[2026-09-29 21:39:27] [INFO] [Playwright] Pág. 33: 20 libros encontrados.
[2026-09-29 21:39:28] [INFO] [Playwright] Pág. 34: 20 libros encontrados.
[2026-09-29 21:39:29] [INFO] [Playwright] Pág. 35: 20 libros encontrados.
[2026-09-29 21:39:30] [INFO] [Playwright] Pág. 36: 20 libros encontrados.
[2026-09-29 21:39:30] [INFO] [Playwright] Pág. 37: 20 libros encontrados.
[2026-09-29 21:39:31] [INFO] [Playwright] Pág. 38: 20 libros encontrados.
[2026-09-29 21:39:32] [INFO] [Playwright] Pág. 39: 20 libros encontrados.
[2026-09-29 21:39:33] [INFO] [Playwright] Pág. 40: 20 libros encontrados.
[2026-09-29 21:39:34] [INFO] [Playwright] Pág. 41: 20 libros encontrados.
[2026-09-29 21:39:35] [INFO] [Playwright] Pág. 42: 20 libros encontrados.
[2026-09-29 21:39:36] [INFO] [Playwright] Pág. 43: 20 libros encontrados.
[2026-09-29 21:39:37] [INFO] [Playwright] Pág. 44: 20 libros encontrados.
[2026-09-29 21:39:37] [INFO] [Playwright] Pág. 45: 20 libros encontrados.
[2026-09-29 21:39:38] [INFO] [Playwright] Pág. 46: 20 libros encontrados.
[2026-09-29 21:39:39] [INFO] [Playwright] Pág. 47: 20 libros encontrados.
[2026-09-29 21:39:40] [INFO] [Playwright] Pág. 48: 20 libros encontrados.
[2026-09-29 21:39:41] [INFO] [Playwright] Pág. 49: 20 libros encontrados.
[2026-09-29 21:39:43] [INFO] [Playwright] Pág. 50: 20 libros encontrados.
[2026-09-29 21:39:44] [INFO] [Playwright] Se alcanzó la última página del catálogo.
[2026-09-29 21:39:44] [INFO] [Playwright] Extracción masiva completada exitosamente.
[2026-09-29 21:39:44] [INFO] [Playwright] Total de libros procesados: 1000 en 50 páginas.
[2026-09-29 21:39:44] [INFO] [Playwright] Archivo final guardado en 'data/extracted_data.csv'.
[2026-09-29 21:39:44] [INFO] [Pandas] Procesando y limpiando datos desde: data/extracted_data.csv
[2026-09-29 21:39:44] [INFO] [Pandas] Estadísticas: Total=1000 | Filtrados (<£30)=402 | Precio Promedio=£35.07
[2026-09-29 21:39:46] [INFO] [Pandas] Reporte generado exitosamente en 'data/Reporte_Ejecutivo_Libros.xlsx'.
[2026-09-29 21:39:46] [INFO] [Selenium] MODO PRUEBA: Procesando solo 100 de 402 registros.
[2026-09-29 21:39:53] [INFO] [Selenium] Navegando al portal de destino.
[2026-09-29 21:40:16] [INFO] [Selenium] Progreso: 50/100 registros enviados.
[2026-09-29 21:40:38] [INFO] [Selenium] Progreso: 100/100 registros enviados.
[2026-09-29 21:40:38] [INFO] [Selenium] Carga finalizada. 100 registros procesados con éxito.
[2026-09-29 21:40:40] [INFO] [Selenium] Sesión finalizada.
[2026-09-29 21:40:40] [INFO] [n8n] Enviando resumen de ejecución al webhook...
[2026-09-29 21:40:41] [INFO] [n8n] Notificación entregada con éxito a n8n.
[2026-09-29 21:40:41] [INFO] =========================================
[2026-09-29 21:40:41] [INFO]   WORKFLOW COMPLETO FINALIZADO CON ÉXITO 
[2026-09-29 21:40:41] [INFO] =========================================
[2026-09-30 16:39:51] [INFO] =========================================
[2026-09-30 16:39:51] [INFO]   INICIANDO WORKFLOW COMPLETO DE RPA     
[2026-09-30 16:39:51] [INFO] =========================================
[2026-09-30 16:39:51] [INFO] [Playwright] Iniciando extracción masiva de 50 páginas desde: https://books.toscrape.com/
[2026-09-30 16:39:59] [INFO] [Playwright] Pág. 1: 20 libros encontrados.
[2026-09-30 16:40:00] [INFO] [Playwright] Pág. 2: 15 libros encontrados.
[2026-09-30 16:40:01] [INFO] [Playwright] Pág. 3: 20 libros encontrados.
[2026-09-30 16:40:01] [INFO] [Playwright] Pág. 4: 20 libros encontrados.
[2026-09-30 16:40:02] [INFO] [Playwright] Pág. 5: 20 libros encontrados.
[2026-09-30 16:40:03] [INFO] [Playwright] Pág. 6: 20 libros encontrados.
[2026-09-30 16:40:04] [INFO] [Playwright] Pág. 7: 20 libros encontrados.
[2026-09-30 16:40:04] [INFO] [Playwright] Pág. 8: 20 libros encontrados.
[2026-09-30 16:40:05] [INFO] [Playwright] Pág. 9: 20 libros encontrados.
[2026-09-30 16:40:05] [INFO] [Playwright] Pág. 10: 20 libros encontrados.
[2026-09-30 16:40:06] [INFO] [Playwright] Pág. 11: 20 libros encontrados.
[2026-09-30 16:40:07] [INFO] [Playwright] Pág. 12: 20 libros encontrados.
[2026-09-30 16:40:07] [INFO] [Playwright] Pág. 13: 20 libros encontrados.
[2026-09-30 16:40:08] [INFO] [Playwright] Pág. 14: 20 libros encontrados.
[2026-09-30 16:40:09] [INFO] [Playwright] Pág. 15: 20 libros encontrados.
[2026-09-30 16:40:10] [INFO] [Playwright] Pág. 16: 20 libros encontrados.
[2026-09-30 16:40:11] [INFO] [Playwright] Pág. 17: 20 libros encontrados.
[2026-09-30 16:40:11] [INFO] [Playwright] Pág. 18: 20 libros encontrados.
[2026-09-30 16:40:12] [INFO] [Playwright] Pág. 19: 20 libros encontrados.
[2026-09-30 16:40:13] [INFO] [Playwright] Pág. 20: 20 libros encontrados.
[2026-09-30 16:40:14] [INFO] [Playwright] Pág. 21: 20 libros encontrados.
[2026-09-30 16:40:15] [INFO] [Playwright] Pág. 22: 20 libros encontrados.
[2026-09-30 16:40:16] [INFO] [Playwright] Pág. 23: 20 libros encontrados.
[2026-09-30 16:40:16] [INFO] [Playwright] Pág. 24: 20 libros encontrados.
[2026-09-30 16:40:17] [INFO] [Playwright] Pág. 25: 20 libros encontrados.
[2026-09-30 16:40:18] [INFO] [Playwright] Pág. 26: 20 libros encontrados.
[2026-09-30 16:40:19] [INFO] [Playwright] Pág. 27: 15 libros encontrados.
[2026-09-30 16:40:20] [INFO] [Playwright] Pág. 28: 20 libros encontrados.
[2026-09-30 16:40:20] [INFO] [Playwright] Pág. 29: 20 libros encontrados.
[2026-09-30 16:40:21] [INFO] [Playwright] Pág. 30: 20 libros encontrados.
[2026-09-30 16:40:22] [INFO] [Playwright] Pág. 31: 20 libros encontrados.
[2026-09-30 16:40:23] [INFO] [Playwright] Pág. 32: 20 libros encontrados.
[2026-09-30 16:40:23] [INFO] [Playwright] Pág. 33: 20 libros encontrados.
[2026-09-30 16:40:24] [INFO] [Playwright] Pág. 34: 20 libros encontrados.
[2026-09-30 16:40:25] [INFO] [Playwright] Pág. 35: 20 libros encontrados.
[2026-09-30 16:40:26] [INFO] [Playwright] Pág. 36: 20 libros encontrados.
[2026-09-30 16:40:26] [INFO] [Playwright] Pág. 37: 20 libros encontrados.
[2026-09-30 16:40:27] [INFO] [Playwright] Pág. 38: 20 libros encontrados.
[2026-09-30 16:40:28] [INFO] [Playwright] Pág. 39: 20 libros encontrados.
[2026-09-30 16:40:29] [INFO] [Playwright] Pág. 40: 20 libros encontrados.
[2026-09-30 16:40:30] [INFO] [Playwright] Pág. 41: 20 libros encontrados.
[2026-09-30 16:40:30] [INFO] [Playwright] Pág. 42: 20 libros encontrados.
[2026-09-30 16:40:31] [INFO] [Playwright] Pág. 43: 20 libros encontrados.
[2026-09-30 16:40:32] [INFO] [Playwright] Pág. 44: 20 libros encontrados.
[2026-09-30 16:40:33] [INFO] [Playwright] Pág. 45: 20 libros encontrados.
[2026-09-30 16:40:33] [INFO] [Playwright] Pág. 46: 20 libros encontrados.
[2026-09-30 16:40:34] [INFO] [Playwright] Pág. 47: 20 libros encontrados.
[2026-09-30 16:40:35] [INFO] [Playwright] Pág. 48: 20 libros encontrados.
[2026-09-30 16:40:35] [INFO] [Playwright] Pág. 49: 20 libros encontrados.
[2026-09-30 16:40:36] [INFO] [Playwright] Pág. 50: 20 libros encontrados.
[2026-09-30 16:40:37] [INFO] [Playwright] Se alcanzó la última página del catálogo.
[2026-09-30 16:40:37] [INFO] [Playwright] Extracción masiva completada exitosamente.
[2026-09-30 16:40:37] [INFO] [Playwright] Total de libros procesados: 990 en 50 páginas.
[2026-09-30 16:40:37] [INFO] [Playwright] Archivo final guardado en 'data/extracted_data.csv'.
[2026-09-30 16:40:37] [INFO] [Pandas] Procesando y limpiando datos desde: data/extracted_data.csv
[2026-09-30 16:40:37] [INFO] [Pandas] Estadísticas: Total=990 | Filtrados (<£30)=396 | Precio Promedio=£35.14
[2026-09-30 16:40:38] [INFO] [Pandas] Reporte generado exitosamente en 'data/Reporte_Ejecutivo_Libros.xlsx'.
[2026-09-30 16:40:38] [INFO] [Selenium] MODO PRUEBA: Procesando solo 100 de 396 registros.
[2026-09-30 16:40:42] [INFO] [Selenium] Navegando al portal de destino.
[2026-09-30 16:41:04] [INFO] [Selenium] Progreso: 50/100 registros enviados.
[2026-09-30 16:41:20] [INFO] [Selenium] Progreso: 100/100 registros enviados.
[2026-09-30 16:41:20] [INFO] [Selenium] Carga finalizada. 100 registros procesados con éxito.
[2026-09-30 16:41:22] [INFO] [Selenium] Sesión finalizada.
[2026-09-30 16:41:22] [INFO] [n8n] Enviando resumen de ejecución al webhook...
[2026-09-30 16:41:22] [WARNING] [n8n] El webhook respondió con código: 404
[2026-09-30 16:41:22] [INFO] =========================================
[2026-09-30 16:41:22] [INFO]   WORKFLOW COMPLETO FINALIZADO CON ÉXITO 
[2026-09-30 16:41:22] [INFO] =========================================
[2026-09-30 16:55:42] [INFO] =========================================
[2026-09-30 16:55:42] [INFO]   INICIANDO WORKFLOW COMPLETO DE RPA     
[2026-09-30 16:55:42] [INFO] =========================================
[2026-09-30 16:55:42] [INFO] [Playwright] Iniciando extracción masiva de 50 páginas desde: https://books.toscrape.com/
[2026-09-30 16:55:47] [INFO] [Playwright] Pág. 1: 20 libros encontrados.
[2026-09-30 16:55:48] [INFO] [Playwright] Pág. 2: 20 libros encontrados.
[2026-09-30 16:55:49] [INFO] [Playwright] Pág. 3: 20 libros encontrados.
[2026-09-30 16:55:49] [INFO] [Playwright] Pág. 4: 20 libros encontrados.
[2026-09-30 16:55:50] [INFO] [Playwright] Pág. 5: 20 libros encontrados.
[2026-09-30 16:55:51] [INFO] [Playwright] Pág. 6: 20 libros encontrados.
[2026-09-30 16:55:52] [INFO] [Playwright] Pág. 7: 20 libros encontrados.
[2026-09-30 16:55:52] [INFO] [Playwright] Pág. 8: 20 libros encontrados.
[2026-09-30 16:55:53] [INFO] [Playwright] Pág. 9: 20 libros encontrados.
[2026-09-30 16:55:54] [INFO] [Playwright] Pág. 10: 20 libros encontrados.
[2026-09-30 16:55:55] [INFO] [Playwright] Pág. 11: 20 libros encontrados.
[2026-09-30 16:55:55] [INFO] [Playwright] Pág. 12: 20 libros encontrados.
[2026-09-30 16:55:56] [INFO] [Playwright] Pág. 13: 20 libros encontrados.
[2026-09-30 16:55:57] [INFO] [Playwright] Pág. 14: 20 libros encontrados.
[2026-09-30 16:55:58] [INFO] [Playwright] Pág. 15: 20 libros encontrados.
[2026-09-30 16:55:58] [INFO] [Playwright] Pág. 16: 20 libros encontrados.
[2026-09-30 16:55:59] [INFO] [Playwright] Pág. 17: 20 libros encontrados.
[2026-09-30 16:56:00] [INFO] [Playwright] Pág. 18: 20 libros encontrados.
[2026-09-30 16:56:01] [INFO] [Playwright] Pág. 19: 20 libros encontrados.
[2026-09-30 16:56:02] [INFO] [Playwright] Pág. 20: 20 libros encontrados.
[2026-09-30 16:56:02] [INFO] [Playwright] Pág. 21: 20 libros encontrados.
[2026-09-30 16:56:03] [INFO] [Playwright] Pág. 22: 20 libros encontrados.
[2026-09-30 16:56:04] [INFO] [Playwright] Pág. 23: 20 libros encontrados.
[2026-09-30 16:56:04] [INFO] [Playwright] Pág. 24: 20 libros encontrados.
[2026-09-30 16:56:05] [INFO] [Playwright] Pág. 25: 20 libros encontrados.
[2026-09-30 16:56:06] [INFO] [Playwright] Pág. 26: 20 libros encontrados.
[2026-09-30 16:56:07] [INFO] [Playwright] Pág. 27: 20 libros encontrados.
[2026-09-30 16:56:07] [INFO] [Playwright] Pág. 28: 20 libros encontrados.
[2026-09-30 16:56:08] [INFO] [Playwright] Pág. 29: 20 libros encontrados.
[2026-09-30 16:56:08] [INFO] [Playwright] Pág. 30: 20 libros encontrados.
[2026-09-30 16:56:09] [INFO] [Playwright] Pág. 31: 20 libros encontrados.
[2026-09-30 16:56:10] [INFO] [Playwright] Pág. 32: 20 libros encontrados.
[2026-09-30 16:56:10] [INFO] [Playwright] Pág. 33: 20 libros encontrados.
[2026-09-30 16:56:11] [INFO] [Playwright] Pág. 34: 20 libros encontrados.
[2026-09-30 16:56:11] [INFO] [Playwright] Pág. 35: 20 libros encontrados.
[2026-09-30 16:56:12] [INFO] [Playwright] Pág. 36: 20 libros encontrados.
[2026-09-30 16:56:13] [INFO] [Playwright] Pág. 37: 20 libros encontrados.
[2026-09-30 16:56:13] [INFO] [Playwright] Pág. 38: 20 libros encontrados.
[2026-09-30 16:56:14] [INFO] [Playwright] Pág. 39: 20 libros encontrados.
[2026-09-30 16:56:15] [INFO] [Playwright] Pág. 40: 20 libros encontrados.
[2026-09-30 16:56:15] [INFO] [Playwright] Pág. 41: 20 libros encontrados.
[2026-09-30 16:56:16] [INFO] [Playwright] Pág. 42: 20 libros encontrados.
[2026-09-30 16:56:16] [INFO] [Playwright] Pág. 43: 20 libros encontrados.
[2026-09-30 16:56:17] [INFO] [Playwright] Pág. 44: 20 libros encontrados.
[2026-09-30 16:56:18] [INFO] [Playwright] Pág. 45: 20 libros encontrados.
[2026-09-30 16:56:18] [INFO] [Playwright] Pág. 46: 20 libros encontrados.
[2026-09-30 16:56:19] [INFO] [Playwright] Pág. 47: 20 libros encontrados.
[2026-09-30 16:56:19] [INFO] [Playwright] Pág. 48: 20 libros encontrados.
[2026-09-30 16:56:20] [INFO] [Playwright] Pág. 49: 20 libros encontrados.
[2026-09-30 16:56:20] [INFO] [Playwright] Pág. 50: 20 libros encontrados.
[2026-09-30 16:56:21] [INFO] [Playwright] Se alcanzó la última página del catálogo.
[2026-09-30 16:56:21] [INFO] [Playwright] Extracción masiva completada exitosamente.
[2026-09-30 16:56:21] [INFO] [Playwright] Total de libros procesados: 1000 en 50 páginas.
[2026-09-30 16:56:21] [INFO] [Playwright] Archivo final guardado en 'data/extracted_data.csv'.
[2026-09-30 16:56:21] [INFO] [Pandas] Procesando y limpiando datos desde: data/extracted_data.csv
[2026-09-30 16:56:21] [INFO] [Pandas] Estadísticas: Total=1000 | Filtrados (<£30)=402 | Precio Promedio=£35.07
[2026-09-30 16:56:22] [INFO] [Pandas] Reporte generado exitosamente en 'data/Reporte_Ejecutivo_Libros.xlsx'.
[2026-09-30 16:56:22] [INFO] [Selenium] MODO PRUEBA: Procesando solo 100 de 402 registros.
[2026-09-30 16:56:25] [INFO] [Selenium] Navegando al portal de destino.
[2026-09-30 16:56:37] [INFO] [Selenium] Progreso: 50/100 registros enviados.
[2026-09-30 16:56:50] [INFO] [Selenium] Progreso: 100/100 registros enviados.
[2026-09-30 16:56:50] [INFO] [Selenium] Carga finalizada. 100 registros procesados con éxito.
[2026-09-30 16:56:52] [INFO] [Selenium] Sesión finalizada.
[2026-09-30 16:56:52] [INFO] [n8n] Enviando resumen de ejecución al webhook...
[2026-09-30 16:56:52] [INFO] [n8n] Notificación entregada con éxito a n8n.
[2026-09-30 16:56:52] [INFO] =========================================
[2026-09-30 16:56:52] [INFO]   WORKFLOW COMPLETO FINALIZADO CON ÉXITO 
[2026-09-30 16:56:52] [INFO] =========================================
